tSNE_1,tSNE_2,MonthlyIncome,JobLevel
-5.511952,-28.136547,5993,2
-23.87565,28.327366,5130,2
6.7613635,-3.4979446,2090,1
-4.579035,26.13894,2909,1
-5.927998,10.564551,3468,1
-14.077157,10.421287,3068,1
-17.270428,-1.5678943,2670,1
-13.58754,-1.9990348,2693,1
12.86536,11.75453,9526,3
29.60116,-2.3417234,5237,2
-5.343929,8.726695,2426,1
-16.686907,11.011599,4193,2
1.8671589,29.261744,2911,1
-1.7910194,12.4393,2661,1
-16.839474,10.784074,2028,1
17.593523,16.83841,9980,3
-2.0797708,29.490805,3298,1
-1.4644513,12.877867,2935,1
-21.95714,-22.220703,15427,4
-12.144304,23.350777,3944,1
9.699031,3.6188145,4011,2
17.871649,-47.91304,3407,1
34.23661,29.11245,11994,3
-17.06554,24.659786,1232,1
-16.231987,29.293438,2960,1
-16.179646,-14.447744,19094,5
-20.113375,28.551216,3919,1
-5.67357,-40.967907,6825,2
34.12515,-0.63489604,10248,3
-17.278664,-22.388632,18947,5
-12.235184,11.492525,2496,1
16.652813,-1.8588686,6465,2
-9.313541,11.845958,2206,1
24.701443,-46.3435,2086,2
-6.8404894,33.52741,2293,1
-1.3212154,31.824114,2645,1
16.084656,-50.365376,2683,1
16.76312,-50.926468,2014,1
-5.537584,28.95224,3419,1
6.531515,-29.303661,5376,2
5.4253626,-3.3920665,1951,1
-6.177876,13.779761,2341,1
-17.198498,9.123083,2293,1
-2.1681373,-24.050827,8726,3
-18.69409,3.9551513,4011,2
41.427628,26.713297,19545,5
-9.882427,-35.389214,4568,2
-22.975834,27.315378,3022,1
-8.3023205,-34.090656,5772,2
-10.976964,2.4214635,2269,1
-14.685007,6.1129403,5381,3
-20.297338,13.201425,3441,1
-0.2526482,-43.1869,5454,2
29.305574,-3.954488,9884,3
-2.1889172,-44.706337,4157,2
34.422703,27.756973,13458,3
9.139457,-22.123814,9069,3
-4.995415,6.7374406,4014,1
-12.745969,-1.3820231,5915,2
10.809338,20.02378,5993,2
10.585806,15.111229,6162,2
2.0638766,4.746838,2406,2
41.452034,29.649124,18740,5
0.92782664,-19.108511,7637,3
33.472515,-7.613689,10096,3
-17.54769,-16.846249,14756,4
21.250278,21.535921,6499,2
-0.24703558,27.398716,9724,3
-8.387796,32.511417,2194,1
-6.5389156,35.490124,3388,1
-4.678605,-29.133234,5473,2
-22.881,29.152367,2703,1
-14.896044,28.962683,2501,1
-5.6857033,25.364712,6220,2
-10.739591,5.8478723,3038,1
11.750252,11.633789,4424,2
-7.957393,-37.027325,4312,2
33.317116,34.59562,13245,3
34.119637,30.596714,13664,3
-45.201096,-7.7890854,5021,2
-7.3285923,3.8027594,5126,2
-12.106649,30.316973,2859,1
-0.19348851,-34.362213,10239,3
5.6268196,30.507051,5329,2
16.171804,19.611525,4325,2
21.32092,24.217848,7260,3
24.648516,-47.78603,2322,1
-15.008948,-0.45812583,2075,1
31.051981,1.0380279,4152,2
0.3338638,-23.26908,9619,3
34.454823,-3.7521434,13503,4
-9.962983,-34.96118,5441,2
9.472291,-34.30637,5209,2
32.639175,-3.7087114,10673,3
-0.2579512,-25.687447,5010,2
40.295418,33.44526,13549,3
10.775427,-14.777446,4999,2
8.101171,-30.64273,4221,2
-0.19519976,-20.867569,13872,4
-4.0906725,7.6884656,2042,2
-41.707508,-14.213746,2073,1
-16.149248,25.85181,2956,1
-14.9583645,11.436486,2926,1
9.915087,-4.0810094,4809,2
25.53725,3.8438911,5163,2
-37.79438,-15.253919,18844,5
36.316772,31.329458,18172,5
-6.3432097,-35.49228,5744,2
-8.394446,33.56477,2889,1
-11.570021,13.437924,2871,1
29.238459,-7.8888397,7484,3
-19.277548,6.518333,6074,2
-37.40957,-15.507869,17328,4
-9.422733,3.4703736,2774,1
-1.1306709,26.924915,4505,2
-1.5407254,-27.222027,7428,3
-21.107508,-15.545589,11631,3
14.784513,-24.402525,9738,3
-14.29502,-2.2736344,2835,1
-22.930357,-22.762333,16959,4
3.2240863,32.091526,2613,1
-6.030647,-45.123352,6146,2
-4.7098846,29.539576,4963,1
43.00266,29.82823,19537,5
5.2752194,-21.717602,6172,2
9.229986,-0.22384228,2368,1
34.846188,-1.6653299,10312,3
18.71918,-53.075123,1675,1
-21.763203,14.491849,2523,1
19.143698,17.316822,6567,2
-15.01071,33.03616,4739,1
-4.5899925,-36.95278,9208,3
3.845284,-28.588661,4559,2
3.0171454,-31.551062,8189,3
-47.793026,-7.8738055,2942,1
10.265925,17.223818,4941,2
21.697712,22.697308,10650,3
6.0573153,-23.427727,5902,2
3.8053951,-28.856049,8639,2
-40.577595,-12.036815,6347,2
-18.883312,0.70249695,4200,1
-14.616705,32.741425,3452,1
-23.629206,23.425537,4317,2
-15.950957,23.467133,2632,1
6.9653172,-35.707928,4668,2
-23.247585,20.527954,3204,1
-11.720858,11.583991,2720,1
-22.088106,-17.451513,17181,4
-14.337489,0.43228897,2238,1
-11.545122,12.631589,1483,1
4.9909754,29.45886,5605,2
-5.794594,-42.73795,7295,3
15.485105,-48.665775,2306,2
-10.340225,-2.3425183,2348,2
-7.8042345,-37.89765,8998,3
20.332335,12.722405,4319,2
15.597553,21.262589,6132,2
-11.121827,36.31345,3346,1
-7.5135903,-40.89416,10855,3
15.524739,-51.236935,2231,1
-23.228064,30.262024,2323,1
-3.3194578,32.94864,2024,1
-7.820502,32.066708,2713,1
25.41577,5.42243,9439,3
-2.8012757,32.255833,2566,1
-20.01123,-16.802637,19926,5
0.31091803,24.479425,2451,1
5.764917,-24.107342,9419,3
-3.9311583,-28.31592,8686,2
-20.841055,25.207378,3038,1
-25.284039,18.48911,3058,1
24.985455,-50.598392,2325,1
-12.227677,10.84336,2088,1
0.28622493,9.44333,3072,2
4.620126,-31.576557,5006,2
-1.1888595,27.323248,4257,1
-14.894782,24.381308,2500,1
-19.765568,7.2270117,1102,1
-11.960056,-41.880478,10453,3
-13.336481,8.659436,2288,1
-21.755548,32.521652,3929,1
-15.300317,31.91511,2311,1
15.768932,-48.567036,3140,1
-6.8932414,7.9971223,3690,1
14.227483,24.776703,4450,2
-11.330531,32.600063,2756,1
-23.775509,-16.597868,19033,5
42.520275,30.612753,18722,5
15.239202,14.702753,9547,2
23.577196,-3.5316145,13734,4
-25.711517,-18.337944,19999,5
-15.038747,31.171835,2279,1
12.788163,18.216867,5916,2
-1.196827,33.391712,2089,1
-24.13896,-14.346023,16792,4
-4.389889,22.718323,3564,1
-13.056114,13.732539,4425,2
14.095371,25.352364,5265,2
14.380814,18.829332,6553,2
20.02092,13.786986,6261,2
13.714258,15.44362,4298,2
12.247023,20.033466,6804,2
-1.3689809,34.332695,3815,1
-3.5397146,6.910293,2741,2
28.775335,-3.6623905,6673,2
-8.677899,-46.21593,7639,3
-2.3760715,28.182781,2328,1
-10.064798,10.540089,2153,1
21.695492,0.10586268,4876,2
25.347082,-2.1174335,9396,3
3.2799666,-22.027346,10400,3
11.730718,11.349279,8474,3
-2.592659,-24.222862,9981,2
39.201466,31.666656,12490,3
-21.257133,20.133507,2657,1
-18.43496,-19.009682,13591,3
-5.2585864,-33.8759,6696,2
-21.801498,18.925474,2058,1
0.45199195,-21.906946,8865,3
-4.657125,-40.87262,5940,2
-11.976456,8.3331,5914,2
-21.821972,31.083733,2622,1
33.348434,35.50938,12185,3
14.070011,-29.92371,10609,3
16.189482,20.140839,4345,2
-7.8478875,24.059523,2177,1
14.627732,-51.56392,2793,1
11.007558,-29.464294,7918,3
-8.072072,-38.425503,8789,3
-16.865505,30.767633,2389,1
-13.364395,7.21583,3212,1
-25.391405,-17.02574,19232,5
-45.345093,-7.1692615,2267,1
-17.385511,-17.426107,19517,5
-5.870039,5.769345,2436,1
-21.253902,-24.64347,16064,4
-18.837383,0.19709042,2707,1
-23.76525,-21.269909,19068,5
21.549011,-46.57287,3931,1
-14.857361,10.485942,3730,1
0.66460365,13.089999,2232,1
-5.9168787,-44.85949,4465,2
-0.102654636,27.521809,3072,2
3.834319,25.736515,3319,2
-15.49442,-14.365856,19202,5
36.789627,35.18375,13675,3
-7.487607,26.255981,2911,1
15.914941,15.471391,5957,2
-8.863222,35.229908,3920,1
15.00027,17.4257,6434,2
13.706706,23.07536,10048,3
27.837006,-9.222427,10938,3
-14.80806,24.554604,2340,1
-14.229005,26.074108,6545,2
0.68020904,-39.081192,6931,2
13.924016,17.151972,4898,2
0.45185196,9.684773,2593,1
40.225975,29.466259,19436,5
-7.518469,26.942759,2723,1
-9.664268,10.958571,3479,1
-14.209858,2.1922252,2794,1
6.675892,-23.57728,5249,2
-20.094902,14.869543,2176,2
-15.680662,-19.74157,16872,4
-16.143803,8.206595,3485,1
9.926108,-30.134893,6644,2
31.094437,-1.7730192,5582,2
27.28971,4.393928,4000,2
32.442078,-0.53595686,13496,4
-1.588844,4.2326818,3210,1
-23.63818,-20.21756,19045,5
-26.90148,-18.19464,11849,3
-22.7862,30.01093,2070,1
7.8934865,-31.121943,6502,2
-15.166498,28.617598,3230,1
36.111626,35.21952,13603,3
-20.252487,-16.126951,11996,3
13.201334,-33.218765,5605,2
10.610233,23.761322,6397,2
37.97583,30.929493,19144,5
38.763973,32.804207,17584,4
9.578927,-23.298128,4907,2
-1.1335233,-26.380482,4554,2
-3.7844002,1.8787733,5415,2
29.970892,-3.7733552,4741,2
-8.104471,20.833124,2115,1
-12.57714,-2.2767963,3161,1
24.856462,4.139694,5745,2
-1.7117798,11.45144,2373,1
-20.580486,27.158741,3310,1
34.531868,32.10442,18665,5
-21.553383,18.540426,4485,2
15.945707,-52.47191,2789,1
-7.6526003,-35.924763,5828,2
-6.62241,32.92508,2326,1
-9.323928,-41.199055,13525,4
-15.739182,9.438672,1420,1
-7.3156643,-42.741074,8020,3
-11.09271,0.8229539,3688,1
14.648199,23.20314,5482,2
-21.604239,-20.330551,16015,4
20.774527,-49.95958,1200,1
25.812141,-4.900848,5661,2
13.70246,-24.631096,6929,2
29.84464,3.3111045,9613,3
-5.4676094,1.3499483,5674,2
6.81019,-24.798088,5484,2
35.99203,29.966873,12061,3
25.250645,2.90766,5660,2
-25.278969,18.435514,4821,1
-41.543976,-12.972992,6410,2
3.1029673,6.634818,5210,3
-2.5583966,28.109621,2695,1
-21.981165,-17.245016,11878,3
-24.56361,-16.883633,17068,4
-16.951735,12.290973,2455,1
22.99574,-6.79766,13964,4
-9.003024,36.416912,4941,2
-14.197094,25.977976,2478,1
12.404386,-22.426191,5228,2
-2.032078,-27.107143,4478,2
1.6851884,-40.959965,7547,2
-13.1761,33.305603,5055,2
-12.4713545,36.640713,3464,1
-11.229826,32.684418,5775,2
14.035315,12.870782,8943,3
-23.863049,-16.788961,19272,5
9.518706,-32.15015,5238,2
-9.35409,-37.49131,4682,2
36.116352,32.320866,18300,5
-3.7399955,15.531739,5257,2
-4.428279,-46.780518,6349,2
-12.434653,25.64828,4869,2
27.281,-0.639078,9985,3
9.484701,-2.1770873,3697,2
10.699962,-31.043503,7457,2
4.8628902,-0.6488835,2119,1
5.7785325,-4.725096,3983,1
1.9621513,-42.079132,6118,2
-5.976683,-43.20956,6214,2
13.585289,23.572487,6347,2
36.02521,27.470016,11510,3
21.039879,18.922485,7143,3
1.9701822,-42.53191,8268,2
22.450233,15.712075,8095,3
1.654376,29.502953,2904,1
18.162127,22.977787,6032,2
22.177715,-49.145977,2976,2
33.866287,30.616676,15992,4
7.113842,-26.64129,4649,2
-47.73528,-5.0487223,2696,1
-6.7911334,8.898657,2370,1
-18.957012,-11.202815,12504,3
-0.7945822,31.26617,5974,2
17.133972,-24.883167,4736,2
6.9036164,-25.058432,5296,2
15.9945,-4.189719,6781,2
24.605473,-50.09649,2174,1
-0.27252188,-28.871187,6653,2
11.2586155,-27.571758,9699,3
26.078665,-2.4291086,6755,2
-6.009144,3.7935138,2213,1
19.364536,-48.840755,2610,1
18.724785,-51.773193,2851,1
-17.254051,-0.46276632,3452,1
15.627347,21.450228,5258,2
-9.227609,-37.877098,9355,2
23.19712,-6.870995,10496,3
-4.4930263,-44.41414,6380,2
-12.463511,23.09616,2657,1
20.381107,-48.152164,2716,1
-12.902304,26.065563,2201,1
22.39767,-1.8718425,6540,2
-1.7436823,12.407583,3816,1
-2.3424518,-25.173449,5253,2
16.00566,-4.1840854,10965,3
4.5282702,-24.48301,4936,2
-6.7551403,26.03408,2543,1
-8.327749,-32.625214,5304,2
-18.954248,-18.114563,16659,4
1.0044342,-39.842915,4260,2
24.319418,-47.64056,2476,1
-21.737595,21.849197,3102,1
-9.594108,32.754787,2244,1
10.291255,-28.30299,7596,3
-23.571924,23.442225,2285,1
2.926391,6.3808618,3034,1
-0.73692423,-41.607693,5715,2
-5.72631,14.958695,2576,1
20.462732,22.377466,4197,2
39.810337,29.13252,14336,4
-17.401485,-0.4353933,3448,2
37.97849,32.44174,19406,5
-4.3821306,-42.43064,6538,2
18.853245,18.316257,4306,2
-17.252632,0.48450848,2258,1
16.548176,-1.8589911,4522,2
-2.6148624,-27.176165,4487,2
-1.7160419,20.988707,4449,2
-8.569719,1.542926,2218,1
-22.873474,-18.618553,19197,5
3.2627556,-19.565535,13212,4
15.3530855,-24.1792,6577,2
-5.7477126,-40.991234,8392,3
-1.8118215,12.069669,4558,2
-6.203829,9.660781,4031,1
16.75516,21.946249,7969,3
-23.599306,27.858139,2654,1
-20.834597,-17.822111,16555,4
0.9171031,25.239382,4556,2
11.366978,11.874713,6091,2
-24.679989,-18.09473,19566,5
13.406589,24.66148,4810,2
24.374134,-9.709904,4523,2
24.570759,-49.83895,3202,1
15.86339,-52.748917,2351,1
-12.941678,1.227386,1702,1
-21.917057,-22.2718,18041,5
2.6458256,31.55566,2886,1
-10.386017,3.0256376,2097,1
37.391136,29.225388,11935,3
-25.409273,19.96153,2546,1
-47.32898,-4.7905626,2564,1
6.6381083,-15.492706,8412,3
-16.754349,-23.175964,14118,4
-25.96425,-18.488266,17046,4
-5.3414984,-0.9098257,2564,1
-9.832427,-40.93977,10266,3
13.375009,22.789055,5070,2
37.256256,32.19085,17861,4
-17.15611,10.503217,4230,1
-14.482963,6.7793236,3780,2
-2.066131,25.078363,2768,1
-2.9699178,-43.307865,9071,3
9.655437,22.351742,10648,3
-23.025192,-14.596283,13610,3
-1.1702805,15.231355,3408,1
18.18939,-52.224483,2983,1
29.469099,-0.4945518,7632,3
28.025782,-0.59725785,9824,3
-42.86977,-13.405353,9950,3
6.294775,-2.924958,2093,1
0.517035,-22.889984,9980,3
-20.737053,14.630146,3894,1
-9.50207,-42.891968,4051,2
-22.185843,-21.532568,16835,4
-3.2497327,-25.9711,6230,2
-7.602434,-40.80602,4717,2
23.319506,18.450964,13237,4
-7.9780436,3.0294166,3755,1
-3.044411,-26.94068,6582,2
11.159684,15.472208,7406,3
7.596918,-14.142075,4805,2
-48.008865,-6.034762,2741,1
10.916243,25.83072,4262,2
36.261223,35.15719,16184,4
-15.035688,-16.949108,11557,3
19.247135,-52.172062,1878,1
7.397064,-15.9844675,10932,3
14.906745,-2.1389577,6811,2
4.6365604,-35.58692,4306,2
0.45298815,-27.196825,4859,2
-2.9358783,-24.94265,5337,2
-20.135967,12.240985,2340,1
22.54707,15.557637,7491,3
27.01341,-3.4523807,10527,3
-21.521194,-22.03765,16595,4
14.415209,-30.984938,8834,3
4.2314835,25.772644,5577,2
5.738788,-13.723828,4707,2
21.741047,-44.984825,2400,1
28.212217,-2.9654102,9824,2
14.471985,17.954088,6447,2
40.081753,29.135279,19502,5
-6.4066525,32.86443,2725,1
-8.055858,-46.65499,6272,2
3.3810077,-2.4548447,2127,1
-26.153778,-21.40832,18200,5
20.753578,-45.20412,2096,1
-8.705672,5.333543,2886,1
19.649794,-45.90438,2033,1
-8.842983,26.229044,3622,1
7.123054,-34.019196,4233,2
5.8824224,-4.689244,3681,2
13.510695,-33.409138,5460,2
0.59158754,32.31946,2187,1
-2.6212487,-42.556828,9602,2
-15.714444,25.507984,2836,1
27.922365,0.8523281,4089,2
33.433914,35.216846,16627,4
-16.481443,26.180574,2619,1
1.1578904,10.788326,5679,2
-20.605713,-17.506237,15402,4
-46.64488,-6.993413,5985,2
25.22754,-47.52282,2579,1
16.813816,-52.30631,3041,1
24.763407,-48.940125,3447,1
-15.076609,-14.342198,19513,5
-22.128054,29.811132,2773,1
0.46675178,-38.986984,7104,2
-8.527979,26.56987,6322,2
-3.1286004,34.530636,2083,1
-0.93742394,-22.204744,8381,2
-5.468288,22.28844,2691,1
5.499385,-28.78585,4286,2
-8.114619,4.8119183,2659,1
11.259768,2.991549,9434,3
9.332798,-29.908663,5561,2
-8.856619,20.813578,6646,2
30.70521,4.5442786,7725,2
-44.769653,-6.599984,10725,3
14.452705,22.715193,8847,2
-13.160447,28.649406,2045,1
-17.13665,31.114346,1009,1
-11.375026,21.845713,3348,1
-11.428261,3.48136,1281,1
-9.285073,31.80663,2819,1
8.420078,-27.338766,4851,2
-10.05671,-36.28801,4028,2
-2.1261942,24.10948,2720,1
-5.015086,-40.204678,8120,2
10.519007,-33.768574,4647,2
-14.508531,24.800497,4680,1
-2.24146,6.5193005,3221,1
27.28763,-6.369107,8621,3
-2.1474135,-29.124203,4577,2
26.441158,-9.379748,4553,2
-7.555288,-37.144882,5396,2
14.080763,-23.37464,6796,2
24.990786,-0.34028733,7625,2
14.608395,16.257174,7412,3
34.089085,28.921064,11159,3
-6.8815174,-36.994205,4960,2
8.944012,-21.431818,10475,3
36.852913,32.227535,14814,4
-36.92968,-14.905619,19141,5
-5.5692263,-37.06824,5405,2
9.876749,22.449656,8793,3
-37.21488,-15.033753,19189,5
15.487389,-51.19703,3875,1
-10.75826,23.20615,2216,1
35.624935,29.694988,11713,3
19.566856,22.853521,7861,3
-15.0033,14.557299,3708,1
2.1941922,-19.656443,13770,4
-1.1029043,-37.01799,5304,2
20.881226,-48.99872,2642,1
-1.1525966,35.432545,2759,1
4.6377363,-29.888594,6804,2
25.389462,-3.956553,6142,2
-5.3992066,10.674325,2500,1
-40.37399,-13.471632,6389,2
26.468685,-2.8637376,11103,4
-18.259264,30.46931,2342,1
27.052467,-5.645601,6811,2
16.651691,-52.33162,2297,1
-13.85219,7.8826723,2450,2
27.13536,3.4507468,5093,2
-0.6869864,5.430344,5309,2
-6.421828,35.624428,3057,1
10.296481,18.856554,5121,2
-19.947393,-24.832617,16856,4
10.08574,-3.7505467,2686,1
0.98984885,-29.071966,6180,2
24.106493,-49.465824,6632,2
-16.914507,29.107328,3505,1
-4.635182,-25.46779,6397,2
7.7753043,-12.918165,6274,2
-18.082708,-16.206207,19859,5
-0.8838784,-25.247082,7587,3
-7.923042,37.204636,4258,1
-2.9052315,15.557703,4364,1
29.481133,-2.5740964,4335,2
14.8091,-21.720749,5326,2
-15.094153,23.665041,3280,1
15.121828,24.439148,5485,2
-4.8926177,-45.65699,4342,2
-1.7286714,28.66418,2782,1
23.42102,18.47987,5980,2
-15.251357,30.767035,4381,1
19.425219,-46.510986,2572,1
-12.497304,2.704659,3833,1
31.385456,-6.227709,4244,2
6.5392656,-28.132591,6500,2
-24.315388,-18.862402,18430,5
-13.496091,0.8635643,1601,1
-5.0762067,13.535143,2694,1
-15.668615,-0.5342002,3149,2
37.686142,32.67645,17639,4
-8.576144,4.6607623,2319,1
37.422195,28.443932,11691,3
-5.589595,-34.019768,5324,2
-15.894497,-14.382619,16752,4
11.191227,2.8854823,5228,2
-23.346817,28.915646,2700,1
43.097256,29.723215,19246,5
-13.399802,24.546442,2506,1
14.0870075,19.198568,6062,2
-13.674282,29.98332,4382,1
-41.424564,-13.292216,2143,1
16.207449,14.624279,6162,2
-13.364406,14.008086,5094,2
10.4815645,12.598166,6877,2
-14.083621,22.916613,2274,1
17.46073,15.561261,4434,2
27.563467,2.7076705,6288,2
-14.019842,23.082472,2553,1
-9.009088,-43.29409,7654,3
0.17558162,-23.150244,5160,2
36.916836,33.18586,17159,4
35.83634,27.009165,12808,3
12.13296,2.9127579,10221,3
-10.048572,-44.675797,4779,2
-41.213963,-11.962366,3737,1
-8.360779,34.73972,2366,1
-6.8668284,31.594643,1706,1
-20.591974,-24.479784,16307,4
24.831814,-2.9852216,5933,2
-16.75211,28.757618,3424,1
13.360713,-33.322163,4037,2
-15.945096,32.100105,2559,1
5.428258,-24.559875,6201,2
3.8215737,-33.570187,4403,2
-1.185718,24.97352,3761,1
-3.3513613,-39.1672,10934,3
-0.23146443,-40.61931,10761,3
-9.909537,34.094776,5175,2
12.132435,14.095117,13826,4
-0.33201328,-39.226704,6334,2
-47.140182,-5.529841,4936,1
9.413556,12.5112705,4775,2
-14.132006,1.0816175,2818,1
-11.911975,28.617413,2515,1
-47.57883,-7.6272984,2342,1
7.720273,-13.956647,4194,2
14.302527,12.897467,10685,3
0.14820637,26.011856,2022,1
-4.299008,14.049765,2314,1
-5.3562,-45.94085,4256,2
-24.23314,18.397902,3580,1
-10.358702,3.104406,3162,1
6.200042,-25.659906,6524,2
16.075697,-50.73306,2899,1
-6.6569943,4.334556,5231,2
-5.0215406,26.621439,2356,1
22.96832,-47.906,2800,1
-3.3490515,-39.185513,11836,4
20.11195,13.780623,10903,3
22.107643,-45.064796,2973,1
41.443375,31.661827,14275,4
27.334272,-0.13557093,5562,2
-9.859749,-44.757614,4537,2
8.649835,-36.350254,7642,3
-25.078272,-19.214977,17924,4
-46.63519,-7.6950507,5204,2
-41.969597,-13.823282,2277,1
-20.270554,7.1892524,2795,1
-0.98866713,15.11698,2532,1
-9.308956,24.941246,2559,1
0.067989826,-27.02812,4908,2
-13.088613,5.5366645,2380,1
9.976151,18.420721,4765,2
21.093637,-49.8662,2044,1
9.464473,0.7097102,2693,1
32.245384,-0.11308742,6586,2
18.34635,-48.722294,3294,1
12.909676,17.380968,4171,2
-3.5510736,16.45897,2778,1
-2.2696488,33.26215,2377,1
-16.70883,1.4546295,2404,1
-15.465593,23.926792,2318,1
-4.342237,14.081143,2008,1
-0.18721253,-29.32682,6244,2
7.870707,-3.4493976,2799,1
22.641325,-6.6516514,10552,3
19.117231,-45.684586,2329,1
32.50498,2.0924346,4014,2
6.836171,0.75819856,7403,3
-7.861458,36.727787,2259,1
-2.4542353,-45.739136,6932,2
8.89885,-4.587956,4678,1
40.78701,26.52288,13582,3
-15.35495,0.36543265,2332,1
17.298313,-53.513687,2413,1
-0.75044703,-39.630672,9705,3
0.4915932,-25.329578,4294,2
0.097884685,8.466244,4721,1
-17.559305,3.503555,2519,1
21.764376,-52.68836,2121,1
-20.923237,15.271469,2973,1
32.86224,-2.5953252,5855,2
-1.1230685,35.463455,3617,1
16.280766,18.581429,6725,2
8.823496,-25.000591,10325,3
24.637497,0.13108979,6949,2
4.6478014,-21.176489,10609,3
-6.628815,2.4547055,4447,2
24.188478,-46.204926,2157,1
9.119982,-29.77268,4601,2
-22.102446,-17.823965,17099,4
-23.507948,24.117098,2479,1
-25.200924,-15.418518,14852,4
7.804022,-14.64794,7264,3
16.935856,-24.755411,5666,2
2.7601864,-32.112354,7823,3
-1.5705302,-24.51223,7880,3
-5.6009903,-25.822195,13194,4
20.602863,17.350164,5067,2
14.704785,-25.858688,5079,2
-19.7755,33.11418,2321,1
-20.036276,-19.266447,17444,4
-20.00513,27.627533,2404,1
-15.673262,23.398893,3452,1
0.5541417,12.935656,2270,1
38.457676,35.03054,17399,4
15.373371,-1.0870093,5488,2
39.69143,28.708496,19419,5
-22.813936,13.122346,2811,1
-5.105352,2.5455709,3633,2
-3.9564738,-26.675724,4163,2
-6.7766986,27.982847,2132,1
18.353657,15.372212,13973,4
-8.287864,33.678837,2684,1
13.563424,23.717396,10845,3
14.018728,25.709803,4377,2
3.9049447,-3.8166685,3743,1
14.265026,16.243061,4148,2
-16.5218,24.67884,1051,1
21.481901,13.948717,10739,3
33.044693,-2.5063858,10388,3
35.317867,29.021847,11416,3
-15.2727585,28.116714,2600,1
-11.734354,13.458377,2422,1
15.478999,19.603218,5472,2
-8.821103,1.159013,2451,1
23.58789,-0.5491384,4240,2
23.516062,-2.1356304,10999,3
16.999043,23.965647,5003,2
15.808894,13.790168,12742,4
13.715006,17.263323,4227,2
4.406956,-3.7644598,3917,1
-17.80059,-22.774345,18303,5
-10.881586,5.5181465,2380,1
21.174103,24.178238,13726,4
27.841476,-4.0981703,4777,2
32.480267,-3.6975021,6385,2
37.27257,25.93025,19973,5
-4.8193784,-27.200794,6861,2
-1.1481999,-30.994434,4969,2
-19.906733,-23.392065,19845,5
10.609407,-25.59395,13320,4
6.545111,-22.383743,6347,2
2.4960515,5.4980927,2743,1
20.339577,17.679888,10880,3
19.908318,-48.302917,2342,1
-18.414835,-19.822243,17650,4
-5.059102,-0.597679,4025,1
2.5116563,-39.886124,9725,2
-15.696337,-19.5942,11904,3
-46.24463,-6.105743,2177,1
-9.92321,-42.381943,7525,3
5.2873225,-3.5112145,4834,2
-5.8780985,28.186768,2042,1
19.770113,-47.088097,2220,1
22.475092,-46.600338,1052,1
8.486193,-1.6809148,2821,1
38.65169,32.463436,19237,5
14.759848,-1.8030951,4107,2
-6.764138,-44.006874,8396,2
0.4618638,32.498547,2007,1
37.70866,34.795597,19627,5
5.014772,-23.198492,10686,3
-10.371333,36.29944,2942,1
20.978386,18.899805,8858,3
-19.337034,-16.506565,16756,4
4.5067925,-35.295273,10798,3
18.991781,-51.822796,2323,1
-15.47572,11.937603,1416,1
4.695511,31.911049,4615,2
-4.948771,30.053995,2461,1
25.78017,-6.9508395,8722,3
-4.8844576,10.691667,3955,1
10.490615,3.052538,9957,2
-23.83386,17.479746,3376,1
32.536423,0.79201514,8823,3
30.805983,-8.981306,10322,3
-11.952078,3.751916,4621,1
13.730632,20.346762,10976,3
9.654232,-4.1025414,3660,2
-44.60486,-7.431037,10482,3
25.4949,3.3394957,7119,3
13.599666,-21.184427,9582,3
-6.633297,-6.0117197,4508,2
-5.572553,13.412839,2207,1
24.357304,0.70002204,7756,2
3.0801394,-34.37624,6694,2
-2.475946,1.0376847,3691,1
-1.5957772,11.04184,2377,1
-19.741163,33.156303,2313,1
-24.195972,-16.721575,17665,4
-2.3871293,14.383057,2596,1
6.2255244,-13.142703,4728,2
6.348463,-29.289896,4302,2
-7.6742015,28.039715,2979,1
-18.565798,-13.119398,16885,4
5.9901943,-23.318083,5593,2
23.141878,-2.095712,10445,3
1.3997873,-41.371452,8740,3
3.571944,32.129513,2514,1
12.365562,23.751099,7655,3
-19.648043,-23.624361,17465,4
-5.2585144,-35.176674,7351,3
16.330643,16.865273,10820,3
34.422092,-5.9601736,12169,4
40.45074,28.079391,19626,5
-20.718328,20.35563,2070,1
-14.7080765,7.4660974,6782,2
11.738404,10.981401,7779,2
21.541672,-45.84952,2791,1
-8.954397,28.468817,3201,1
0.64478606,-38.974575,4968,2
13.72755,-22.565617,13120,4
20.998917,21.416584,4033,2
-0.9883075,29.179426,3291,1
-15.022841,14.550652,4272,2
16.69528,19.796188,5056,2
-40.719734,-12.852193,2844,1
-0.940054,29.079718,2703,1
-11.880826,14.924796,1904,1
-6.4769745,-33.89753,8224,2
-10.633045,6.062383,4766,1
-5.8262353,8.944365,2610,1
24.041351,4.042594,5731,2
-7.3416286,26.284288,2539,1
8.207886,-28.207348,5714,2
-46.602642,-4.6566896,4323,1
8.127518,-25.86757,7336,3
41.187572,30.966877,13499,3
-1.8147098,-19.75871,13758,4
-6.1137166,-36.968056,5155,2
-6.091521,7.2278366,2258,1
-18.276932,1.6671344,3597,1
-8.131668,5.4493294,2515,1
-15.211848,1.7341635,4420,1
-5.372462,-43.99349,6578,2
-11.453541,37.472637,4422,2
10.918214,20.322094,10274,3
28.078838,-7.0777307,5343,2
6.3299737,-1.5137851,2376,1
-4.995937,-38.001133,5346,2
21.92392,-47.525776,2827,1
-16.34537,-18.22029,19943,5
-2.9385757,3.822827,3131,1
-20.621367,27.168438,2552,1
-10.942711,36.12946,4477,1
15.7921,14.540945,6474,2
-16.699093,8.5851345,3033,1
-12.179988,22.765066,2936,1
-20.109287,-15.647572,18606,5
-9.107241,27.961353,2168,1
-6.548164,24.297243,2853,1
-22.351692,-24.132496,17048,4
-13.575265,22.133436,2290,1
-41.27582,-12.644537,3600,1
0.8760311,28.104195,2107,1
4.8679404,-33.171307,4115,2
6.509891,-30.83318,4327,2
-19.49778,-13.475499,17856,4
-3.2792401,9.323262,3196,1
36.159065,32.1739,19081,5
4.42553,-26.510387,8966,2
-8.844043,0.25806004,2210,1
9.131533,-29.616055,4539,2
-3.7324088,15.908874,2741,1
1.3812754,7.8281493,3491,2
11.066727,-4.6783295,4541,2
18.870363,-52.6516,2678,1
10.948534,25.774399,7379,2
-44.666027,-6.5296535,6272,2
2.577896,-40.810165,5220,2
3.394449,-2.4127593,2743,1
-10.96064,23.811687,4998,2
15.417327,11.276246,10252,3
-8.972221,30.531202,2781,1
17.220158,-25.008268,6852,2
-1.137429,-27.313162,4950,2
-22.692896,31.70766,3579,1
33.94129,32.12534,13191,3
-6.9486203,-42.00786,10377,3
-4.918559,22.596064,2235,1
12.479742,21.64177,10502,3
-7.626215,22.714794,2011,1
-19.83716,33.092247,1859,1
1.3191525,30.801657,3760,1
37.2966,30.573315,17779,4
29.517475,-3.7876945,6833,2
27.099821,-6.196271,6812,2
-3.7910154,-28.610252,5171,2
37.19654,30.292225,19740,5
-18.076641,-15.993346,18711,5
-23.840221,17.414455,3692,1
-20.000576,13.998489,2559,1
1.2174941,30.157545,2517,1
26.380768,4.186709,6623,2
35.68815,32.918797,18265,5
35.983784,27.629416,16124,4
-25.763885,17.868704,2585,1
-20.27418,-24.019438,18213,5
2.1029527,-40.496094,8380,3
-15.747331,21.631382,2994,1
-22.594152,28.325974,1223,1
20.672544,-51.3329,1118,1
-20.30294,26.134405,2875,1
-20.984068,-23.91666,18824,5
35.556217,-2.2492826,13577,4
-19.755594,7.2076683,2625,1
-18.980124,-23.464806,18789,5
-6.489632,-34.103123,4538,2
-24.731747,-20.335272,19847,5
16.971834,25.469217,10512,3
1.1326466,9.965346,4444,2
-13.3944,11.82027,2154,1
-24.711569,-19.12352,19190,5
-46.513016,-7.816974,4490,2
-9.387554,25.271805,3506,1
-11.077724,35.217575,2372,2
-11.204515,-39.562447,10231,3
23.426392,18.384539,5410,2
27.34576,-2.79148,7978,3
-7.8939466,4.2614098,3867,1
-10.693599,10.061434,2838,1
18.25241,23.531023,4695,2
-1.7425929,1.1375082,3339,1
-22.053736,19.372334,2080,1
-14.121031,30.073435,2096,1
8.10769,-30.73482,6209,2
-19.138594,-12.251757,18061,5
-25.203072,-15.8964205,17123,4
2.471896,26.339413,2372,1
-8.599492,2.901408,4883,2
-15.826443,29.59618,3904,1
-1.4516157,2.0073872,4627,2
25.517612,-9.099145,7094,3
-46.29629,-7.2666264,3423,1
-1.2364354,2.9155753,6674,2
35.237457,31.937824,16880,4
-6.3080125,-35.519794,9094,3
-5.9306226,-27.197758,8446,3
-20.208845,-11.115333,11916,3
22.528137,21.403028,4534,2
13.07972,-30.138393,9852,3
0.8674995,-22.273626,6151,2
19.610407,-50.351173,2302,1
-10.10297,5.0107155,2362,1
-22.764942,-18.211197,17861,4
-23.917002,-16.086561,19187,5
-19.140163,-20.655554,19717,5
1.456802,27.830715,3544,1
26.544163,4.4646673,8500,3
-8.994036,20.880354,4661,2
-1.8261263,-40.73898,4103,2
-11.952499,22.502428,4249,2
-26.073128,-21.4423,14026,4
4.6112056,-31.796564,6893,2
1.7914766,-25.09095,6125,2
-5.1561837,9.333528,3669,1
19.336424,17.038815,10008,3
-14.4060755,0.36918402,2387,1
-8.377443,-41.618423,4639,2
21.613869,20.856583,7898,3
22.402817,-45.479176,2534,1
22.426222,14.450228,13142,4
-13.191203,9.44304,1611,1
-6.8448563,6.884371,5363,2
-3.3793962,-30.441513,5071,2
-9.326984,-33.744366,13695,4
17.675598,12.770989,13402,4
-27.086645,23.485313,2029,1
32.4607,-6.9960885,6377,2
-2.7254755,7.5281816,5429,2
19.67573,-50.017815,2785,1
-2.2613423,-44.553238,4614,2
-0.77682924,29.47001,2610,1
26.402973,-9.3507,6687,2
3.9462008,-28.769032,4724,2
17.377478,18.661713,6179,2
3.5537157,-27.156275,6120,2
-4.9049273,-40.03389,10596,3
0.23386087,26.025,5467,2
-9.651063,25.10347,2996,1
5.87736,-26.99765,9998,2
-4.039991,-45.437717,4078,2
31.075422,-1.2632008,10920,3
7.4943075,-27.95921,6232,2
17.6282,20.961115,13247,4
-13.006322,34.832466,4081,2
-2.4903526,-43.263668,5769,2
-15.585761,21.313215,2394,1
-13.221298,28.64155,3904,1
-37.368774,-15.051647,16799,4
7.368967,0.30274442,2950,1
-10.9983635,13.855983,3629,1
21.265371,21.674608,9362,3
-22.009388,14.366972,3229,1
6.98369,-5.0382223,3578,1
-45.080307,-4.375812,7988,3
-17.86512,6.213307,4284,2
15.25509,-0.92335904,7553,3
41.891705,30.514952,17328,4
39.108337,33.209038,19701,5
37.338017,34.15143,14732,4
-6.731748,-33.992393,9278,2
19.57373,-49.996166,1359,1
-0.65661025,-41.59281,4779,2
33.678722,30.321295,16422,4
8.582592,-2.0097768,2996,1
-16.460527,23.013916,1261,1
-9.429152,3.6022499,2099,1
-18.005953,9.487933,5810,2
-4.3981743,-42.92227,5647,2
-24.326412,16.829227,3420,1
19.737505,-45.925606,4400,1
-19.807863,13.67712,3500,1
-24.417654,29.552624,2066,1
38.6934,27.848825,17169,4
9.840742,-32.86132,4162,2
-3.7046046,-42.364407,9204,2
-9.0770235,0.4349417,3294,1
-6.6771274,34.167862,2127,1
5.1231856,-2.1692696,3975,2
13.848745,-29.877167,10793,3
-2.013175,-39.068813,10096,3
-19.516832,0.790671,3646,1
21.970758,19.909891,7446,3
28.578358,-5.3001537,10851,3
-45.538414,-7.222723,2109,1
-6.822099,5.089308,3722,1
21.793903,13.3998785,9380,3
-0.2382199,-41.477238,5486,2
-46.465492,-4.859049,2742,1
36.98141,27.996273,13757,3
1.0198632,-25.982416,8463,2
-13.674979,8.125403,3162,1
42.12639,30.796705,16598,4
24.679367,-8.345843,6651,2
-1.7079519,33.425217,2345,1
-12.895839,25.62615,3420,1
6.780914,-30.281061,4373,2
6.599898,-14.329283,4759,2
7.0382013,-27.815945,5301,2
-10.261749,10.311876,3673,1
-3.3138041,-41.074505,4768,2
-23.97702,20.253813,1274,1
-24.615,27.47158,4900,2
28.907969,3.525805,10466,3
39.918163,30.569818,17007,4
24.344664,-46.28871,2909,1
16.003685,-23.389528,5765,2
-3.2919264,-21.535769,4599,2
21.469646,-46.720654,2404,1
-13.25253,12.204303,3172,1
21.03567,-47.223057,2033,1
18.389874,22.073948,10209,3
4.2479753,-32.723534,8620,2
-47.89344,-6.767982,2064,1
29.103527,0.095052674,4035,2
-6.715009,9.900686,3838,1
9.191586,-32.102745,4591,2
-13.107949,12.721103,2561,1
0.6420771,29.394833,1563,1
1.1262373,-26.24825,4898,2
-17.886948,-0.36717492,4789,2
-8.212985,1.1786996,3180,1
17.519812,15.100604,6549,2
21.835735,-1.8370738,6388,2
-18.878513,-12.408066,11244,3
-20.832294,-13.535462,16032,4
-22.27345,18.059608,2362,1
42.346592,28.122536,16328,4
19.719095,22.257147,8376,3
-20.658838,-21.55462,16606,4
26.52419,-5.972127,8606,3
-17.110937,8.166956,2272,2
-15.267032,8.705578,2018,1
12.655777,-22.492876,7083,3
-11.794736,24.737741,4084,1
43.15398,28.754925,14411,4
24.391878,-44.267387,2308,1
-6.2560015,7.5298967,4841,1
-8.963793,30.626017,4285,2
13.962151,-1.7525861,9715,2
21.18037,21.882587,4320,2
-26.830275,21.095213,2132,1
34.037384,-3.2749083,10124,3
2.5672472,-25.129324,5473,2
-0.7287663,5.307036,5207,2
-26.694645,-21.444473,16437,4
-3.9341397,12.754121,2296,1
25.957748,3.9750826,4069,2
33.587723,-7.631566,7441,3
20.048775,-43.839226,2430,1
-6.546049,26.04942,5878,2
17.646006,-47.86195,2644,1
2.3011513,-20.039862,6439,2
-5.7752137,27.314013,2451,1
6.5747566,-32.397137,6392,2
6.3915806,-25.259254,9714,2
-41.14168,-12.787202,6077,2
-9.68181,12.884605,2450,1
14.514477,-23.166115,9250,3
-6.011779,15.156681,2074,1
21.162285,14.942127,10169,3
15.748624,19.332937,4855,2
-23.947336,18.917875,4087,2
8.17999,-0.18729429,2367,1
-13.275719,30.165897,2972,1
-20.646233,-25.165968,19586,5
-5.161112,27.46978,5484,2
-22.706322,26.854223,2061,1
6.399212,-24.915419,9924,2
-1.431898,-28.530914,4198,2
-1.6682469,-28.753817,6815,2
-10.595027,12.162192,4723,1
24.977352,-3.849511,6142,2
10.240044,-26.240704,8237,3
24.310068,2.0090032,8853,2
-17.565325,-22.72369,19331,5
-24.982346,18.568605,2073,1
-9.222127,5.5440354,5562,2
-16.564526,-12.005912,19613,5
-0.7363576,5.3975935,3407,2
25.248867,-9.0866,5063,2
6.2309003,-28.26647,4639,2
-23.32348,12.382026,4876,1
-10.981331,3.2297158,2690,1
-21.69363,-20.147888,17567,4
-3.797183,9.528974,2408,1
9.466795,0.49378434,2814,1
34.27812,-1.6476526,11245,4
9.248425,-0.8373286,3312,1
40.507076,29.534872,19049,5
-8.01226,32.114056,2141,1
-9.173594,13.710076,5769,2
-6.770319,-44.381596,4385,2
6.1583347,-13.365348,5332,2
14.029675,18.59864,4663,2
10.960423,21.044725,4724,2
-6.3312793,1.474205,3211,1
16.556204,18.321568,5377,2
5.2493405,-1.8028272,4066,1
-4.211313,21.841507,5208,2
13.895622,26.373716,4877,2
-16.861532,29.3988,3117,1
21.045328,-50.61512,1569,1
-18.853548,-20.51651,19658,5
-0.015799208,9.78636,3069,2
16.845976,13.661082,10435,3
28.493608,1.4328116,4148,2
12.878514,19.286478,5768,2
19.711203,19.588505,5042,2
11.52472,3.6930094,5770,2
16.56493,22.263508,7756,3
2.8538225,-22.770885,10306,3
-9.280398,35.583717,3936,1
19.879066,22.828785,7945,3
-40.36653,-12.686885,5743,2
-19.666399,-12.790271,15202,4
8.722145,-34.452374,5440,2
-19.055895,20.7111,3760,1
-10.193617,33.94358,3517,1
-14.722942,30.349104,2580,1
-16.125967,7.586383,2166,1
-2.0469189,-29.878174,5869,2
27.25498,1.1165235,8008,3
10.4796095,22.585169,5206,2
11.086321,15.735919,5295,2
33.36418,34.654087,16413,4
38.973385,29.62239,13269,3
20.725435,-49.88394,2783,1
-2.2527108,25.207226,5433,2
-15.28543,7.9596004,2013,1
32.665424,0.68026423,13966,4
15.92194,21.952925,4374,2
29.364103,4.9508758,6842,2
-20.316246,-12.897213,17426,4
37.83011,26.187696,17603,4
7.992608,-12.627422,4581,2
-5.0861573,24.2366,4735,2
8.232114,-35.236507,4187,2
4.4794803,-34.596752,5505,2
-1.176149,31.721342,5470,2
5.146661,-27.280357,5476,2
1.3224112,11.2454405,2587,1
-19.113125,3.981464,2440,1
-17.217834,-17.458973,15972,4
-19.67556,-17.433577,15379,4
-4.953904,-25.93139,7082,3
21.412706,-48.40143,2728,1
12.646806,-32.101593,5368,2
28.202106,-1.3794193,5347,2
-48.094032,-6.606119,3195,1
-10.067682,12.43122,3989,1
-7.892544,7.386961,3306,1
27.024118,-2.3904362,7005,3
22.093182,-44.032146,2655,1
-15.009561,9.276398,1393,1
-17.536634,3.4974878,2570,1
2.983858,26.086802,3537,1
-2.694743,4.646917,3986,2
22.432951,1.9044807,10883,3
-1.2175951,6.967974,2028,1
7.231507,-35.346245,9525,2
-7.197745,21.388926,2929,1
17.413599,-47.23733,2275,1
30.598883,0.59185594,7879,3
-12.772054,27.897955,4930,1
10.286316,-26.073805,7847,2
-9.369073,32.8101,4401,1
-8.216433,-37.16215,9241,3
-5.7248855,6.666789,2974,1
17.99023,-46.27113,4502,2
35.123325,-3.9822488,10748,3
-41.997528,-12.366328,1555,1
4.531276,-20.918701,12936,4
-3.2769845,9.286643,2305,1
41.315525,26.872435,16704,4
-5.7131634,27.77116,3433,1
-9.900511,4.600768,3477,1
-41.238728,-13.852132,6430,2
12.959435,17.711607,6516,2
-3.1652205,12.327231,3907,1
23.892744,-1.9946377,5562,2
18.233253,15.317237,6883,2
-7.388842,29.277687,2862,1
-2.7052507,-42.2169,4978,2
3.2301037,-32.134205,10368,3
0.2550154,-41.724857,6134,2
-2.9302864,-29.909128,6735,2
-12.241256,12.903595,3295,1
13.330161,10.941795,5238,2
-5.430507,3.1774743,6472,2
7.696535,-26.257126,9610,3
-22.597685,-20.239141,19833,5
-47.32278,-7.9934864,9756,3
-20.990837,19.00232,4968,1
-46.099003,-5.5355363,2145,1
-42.35856,-12.725907,2180,1
14.329366,-23.633764,8346,2
-13.8105755,31.45182,3445,1
18.177706,-51.333576,2760,1
21.691944,-1.9401551,6294,2
0.9223265,-42.386963,7140,3
-6.084316,33.503082,2932,1
-6.5292506,-37.740093,5147,2
-4.4640694,-36.763027,4507,2
-6.3919015,-25.803268,8564,3
-6.978732,8.458984,2468,1
-4.3573856,-43.750782,8161,3
-23.26094,20.532597,2109,1
27.973476,0.6670525,5294,2
-22.485802,18.79138,2718,1
28.702074,-3.8278458,5811,2
-26.276249,18.844463,2437,1
-16.295101,-2.4900918,2766,1
38.064507,33.39159,19038,5
-23.887014,20.422682,3055,2
-13.784197,-0.8358639,2289,1
2.8267045,-31.498484,4001,2
8.223405,16.403461,12965,4
-46.87381,-5.8632913,3539,1
-2.9925287,-29.891928,6029,2
18.399746,-52.24188,2679,1
6.11372,-1.3539518,3702,1
-8.560208,8.471729,2398,1
-7.5975103,-43.907166,5468,2
-16.034557,-18.600471,13116,3
-4.7033997,-44.59241,4189,2
37.449505,34.606266,19328,5
29.833427,-0.59454834,8321,3
-2.2811427,30.798292,2342,1
-44.914856,-4.604887,4071,2
-3.281792,-24.840666,5813,2
-5.160357,25.130098,3143,1
-6.5354247,24.314375,2044,1
38.785614,35.13592,13464,3
-1.4836602,-30.744616,7991,2
-7.0718393,1.5499005,3377,1
28.093443,-2.323173,5538,2
13.191962,24.63154,5762,2
-42.576263,-14.188462,2592,1
-9.894912,0.21552344,5346,2
19.172737,19.557615,4213,2
3.4437046,-33.641445,4127,2
-16.50252,23.710722,2438,1
25.441534,0.4417409,6870,2
-11.744453,-41.40739,10447,3
18.38789,23.952337,9667,3
-45.790745,-5.8909082,2148,1
31.362913,-6.1732535,8926,2
26.053225,3.282215,6513,2
13.883953,-24.630144,6799,2
-24.624231,-14.051587,16291,4
-3.1496978,8.994229,2705,1
17.31616,12.738721,10333,3
27.663935,2.934144,4448,2
-8.803646,36.46871,6854,2
-3.3238015,-40.925552,9637,3
-22.346167,30.599844,3591,1
15.114222,-49.661533,5405,2
0.003463481,-28.163517,4684,2
35.827095,31.538975,15787,4
-13.511995,31.565231,1514,1
-40.874966,-13.770994,2956,1
-42.609627,-13.563364,2335,1
7.965557,-22.104727,5154,2
10.005641,-0.6780775,6962,2
9.359836,-22.87891,5675,2
-14.599478,11.066886,2379,1
-3.146319,5.141779,3812,1
-3.918065,-36.19183,4648,2
-26.06413,21.73502,2936,1
-14.519331,7.3197365,2105,1
12.007656,22.798615,8578,3
-47.777172,-6.353033,2706,1
24.229935,4.429485,6384,2
-13.74394,8.2951975,3968,1
-5.9355574,-35.08635,9907,2
14.557901,-27.388342,13225,4
23.540802,-44.077087,3540,2
-45.748405,-5.9024606,2804,1
-23.663616,-15.19639,19392,5
42.114838,28.59437,19665,5
-20.04131,26.209667,2439,1
8.065244,-22.052177,7314,3
-3.6137614,26.02897,4774,1
8.90118,-2.0045662,3902,2
-27.022045,20.894108,2662,1
20.642437,-46.77523,2856,1
21.108273,-49.306217,1081,1
-20.069868,26.300058,2472,1
13.309401,-23.253855,5673,2
-4.086788,14.61527,4197,2
4.4481683,-26.805079,9713,3
-15.239527,9.139997,2062,1
-22.357975,31.608727,4284,2
10.809539,2.4104323,4788,2
17.022385,15.167432,5906,2
-41.3341,-11.423563,3886,2
-24.550755,-19.139114,16823,4
-8.620051,26.538797,2933,1
0.5788876,-27.263313,6500,2
-22.85865,-15.928291,17174,4
27.169146,0.9671075,5033,2
-26.08421,21.944468,2307,1
-13.099625,7.9657636,2587,1
-3.7109716,-45.201588,5507,2
-8.918545,-45.47904,4393,2
38.90789,30.733282,13348,3
9.375767,-33.770905,6583,2
9.508975,-32.382137,8103,2
1.1011529,13.384505,3978,1
7.1667147,-2.0361352,2544,1
24.89272,-3.2943277,5399,2
-8.354723,-36.69814,5487,2
5.5347047,-25.895926,6834,2
25.046871,-48.64161,1091,1
3.2386024,-27.500755,5736,2
-24.491037,18.378393,2226,1
10.584442,-3.1456463,5747,2
-4.2164445,-35.746098,9854,2
-26.702429,20.276741,5467,2
-4.293844,-41.373287,5380,2
10.569392,15.529176,5151,2
5.046641,29.752306,2133,2
-18.13575,-19.53447,17875,4
-15.534948,22.539898,2432,1
1.5436985,28.889994,4771,1
36.953228,31.93785,19161,5
0.8570368,-40.900333,5087,2
-42.143036,-12.404943,2863,1
7.126288,-33.176662,5561,2
-13.715554,31.554123,2144,1
-1.5746499,33.543545,3065,1
-14.71179,1.1734971,2810,1
-10.104582,-36.09035,9888,3
6.9911103,-34.264503,8628,3
-8.394682,11.481335,2867,1
26.644781,0.9470601,5373,2
23.336464,3.469454,6667,2
-20.515547,29.094704,5003,2
-22.433289,12.7779665,2367,1
18.61959,-47.899326,2858,1
5.3275,-24.392979,5204,2
-8.906559,-37.08821,4105,2
10.068734,12.322762,9679,2
-6.668564,-39.685043,5617,2
-5.8089485,-26.677198,10448,3
-7.693032,22.94108,2897,2
30.495768,4.583586,5968,2
29.148108,1.0288993,7510,3
-44.792255,-4.8016047,2991,1
-37.25293,-15.477133,19636,5
-0.8223429,14.507507,1129,1
-10.2830925,-38.755787,13341,4
-8.236221,19.840338,4332,2
37.703583,27.812597,11031,3
18.14295,23.126368,4440,2
24.591486,0.36164147,4617,2
6.762458,-4.7458057,2647,1
-1.35206,1.3182316,6323,2
-8.138046,-41.70331,5677,2
-41.288933,-13.228189,2187,1
-7.224185,9.384348,3748,1
5.353129,-3.4031792,3977,1
29.499716,-7.8784895,8633,3
-1.3631318,13.905047,2008,1
7.48144,-24.406904,4440,2
20.010529,-46.612236,3067,1
15.358457,17.03624,5321,2
-1.3938125,27.379725,5410,2
-23.005009,27.311789,2782,1
39.805492,26.235487,11957,3
-5.420834,6.5402555,2660,1
-16.025171,25.353992,3375,1
-12.035068,30.469343,5098,2
30.595,-2.833572,4878,2
-17.035847,10.573152,2837,1
-11.349132,0.92980206,2406,1
20.075516,-45.80017,2269,1
0.33266437,23.8227,4108,2
38.901165,27.691801,13206,3
-9.336099,-43.04807,10422,3
37.785862,26.310673,13744,3
10.765872,-14.769812,4907,2
18.106623,-44.694042,3482,1
-12.022943,28.69449,2436,1
22.102552,-50.446365,2380,1
-19.617,-18.467758,19431,5
17.448795,-53.507072,1790,1
10.200724,-28.738504,7644,3
12.51897,22.002562,5131,2
29.421602,4.7093167,6306,2
-5.234348,30.701452,4787,1
-23.374823,-18.232101,18880,5
-24.529459,15.281092,2339,1
13.124765,13.058253,13570,4
-8.270353,-46.368816,6712,2
-1.3205553,-36.633743,5406,2
4.045206,-32.48958,8938,2
-21.867598,19.498623,2439,1
-46.823757,-6.591096,8837,3
4.4939084,-24.650984,5343,2
3.0976613,-33.082718,6728,2
-4.189083,-42.765686,6652,2
-3.0098493,-28.968855,4850,2
-12.742524,23.82628,2809,1
29.466707,-0.6004546,5689,2
-8.531116,35.72273,2001,1
-7.6165543,25.24741,2977,1
5.920152,-1.368723,4025,2
-15.362778,31.673887,3785,1
-0.3903452,-40.37095,10854,3
-8.080449,-43.622887,12031,4
18.869154,19.777687,9936,2
21.791489,-52.643425,2966,1
-3.793418,5.9830933,2571,2
30.351488,-4.501189,9991,3
11.81441,17.000696,6142,2
2.783082,-23.491552,5390,2
-5.0502853,8.409944,4404,2
