Cluster_KMeans,Cluster_GMM,MonthlyIncome,JobLevel
4,1,5993,-0.0577875452794142
0,4,5130,-0.0577875452794142
6,0,2090,-0.9614863916702532
0,4,2909,-0.9614863916702532
6,0,3468,-0.9614863916702532
6,0,3068,-0.9614863916702532
6,0,2670,-0.9614863916702532
6,0,2693,-0.9614863916702532
3,7,9526,0.8459113011114247
3,3,5237,-0.0577875452794142
6,0,2426,-0.9614863916702532
6,0,4193,-0.0577875452794142
0,4,2911,-0.9614863916702532
6,0,2661,-0.9614863916702532
6,0,2028,-0.9614863916702532
3,7,9980,0.8459113011114247
0,4,3298,-0.9614863916702532
6,0,2935,-0.9614863916702532
5,5,15427,1.7496101475022634
0,4,3944,-0.9614863916702532
3,7,4011,-0.0577875452794142
2,1,3407,-0.9614863916702532
7,2,11994,0.8459113011114247
0,4,1232,-0.9614863916702532
0,4,2960,-0.9614863916702532
5,5,19094,2.6533089938931025
0,4,3919,-0.9614863916702532
4,1,6825,-0.0577875452794142
3,3,10248,0.8459113011114247
5,5,18947,2.6533089938931025
6,0,2496,-0.9614863916702532
3,3,6465,-0.0577875452794142
6,0,2206,-0.9614863916702532
2,1,2086,-0.0577875452794142
0,4,2293,-0.9614863916702532
0,4,2645,-0.9614863916702532
2,1,2683,-0.9614863916702532
2,1,2014,-0.9614863916702532
0,4,3419,-0.9614863916702532
4,1,5376,-0.0577875452794142
6,0,1951,-0.9614863916702532
6,0,2341,-0.9614863916702532
6,0,2293,-0.9614863916702532
4,1,8726,0.8459113011114247
6,0,4011,-0.0577875452794142
7,2,19545,2.6533089938931025
4,1,4568,-0.0577875452794142
0,4,3022,-0.9614863916702532
4,1,5772,-0.0577875452794142
6,0,2269,-0.9614863916702532
6,0,5381,0.8459113011114247
6,0,3441,-0.9614863916702532
4,1,5454,-0.0577875452794142
3,3,9884,0.8459113011114247
4,1,4157,-0.0577875452794142
7,2,13458,0.8459113011114247
4,1,9069,0.8459113011114247
6,0,4014,-0.9614863916702532
6,0,5915,-0.0577875452794142
3,7,5993,-0.0577875452794142
3,7,6162,-0.0577875452794142
6,0,2406,-0.0577875452794142
7,2,18740,2.6533089938931025
4,1,7637,0.8459113011114247
3,3,10096,0.8459113011114247
5,5,14756,1.7496101475022634
3,7,6499,-0.0577875452794142
0,4,9724,0.8459113011114247
0,4,2194,-0.9614863916702532
0,4,3388,-0.9614863916702532
4,1,5473,-0.0577875452794142
0,4,2703,-0.9614863916702532
0,4,2501,-0.9614863916702532
0,4,6220,-0.0577875452794142
6,0,3038,-0.9614863916702532
3,7,4424,-0.0577875452794142
4,1,4312,-0.0577875452794142
7,2,13245,0.8459113011114247
7,2,13664,0.8459113011114247
1,6,5021,-0.0577875452794142
6,0,5126,-0.0577875452794142
0,4,2859,-0.9614863916702532
4,1,10239,0.8459113011114247
0,4,5329,-0.0577875452794142
3,7,4325,-0.0577875452794142
3,7,7260,0.8459113011114247
2,1,2322,-0.9614863916702532
6,0,2075,-0.9614863916702532
3,3,4152,-0.0577875452794142
4,1,9619,0.8459113011114247
3,3,13503,1.7496101475022634
4,1,5441,-0.0577875452794142
4,1,5209,-0.0577875452794142
3,3,10673,0.8459113011114247
4,1,5010,-0.0577875452794142
7,2,13549,0.8459113011114247
4,1,4999,-0.0577875452794142
4,1,4221,-0.0577875452794142
5,5,13872,1.7496101475022634
6,0,2042,-0.0577875452794142
1,6,2073,-0.9614863916702532
0,4,2956,-0.9614863916702532
6,0,2926,-0.9614863916702532
0,4,4809,-0.0577875452794142
3,3,5163,-0.0577875452794142
5,6,18844,2.6533089938931025
7,2,18172,2.6533089938931025
4,1,5744,-0.0577875452794142
0,4,2889,-0.9614863916702532
6,0,2871,-0.9614863916702532
3,3,7484,0.8459113011114247
6,0,6074,-0.0577875452794142
1,6,17328,1.7496101475022634
6,0,2774,-0.9614863916702532
0,4,4505,-0.0577875452794142
4,1,7428,0.8459113011114247
5,5,11631,0.8459113011114247
4,1,9738,0.8459113011114247
6,0,2835,-0.9614863916702532
5,5,16959,1.7496101475022634
0,4,2613,-0.9614863916702532
4,1,6146,-0.0577875452794142
0,4,4963,-0.9614863916702532
7,2,19537,2.6533089938931025
4,1,6172,-0.0577875452794142
0,4,2368,-0.9614863916702532
5,3,10312,0.8459113011114247
2,1,1675,-0.9614863916702532
6,0,2523,-0.9614863916702532
3,7,6567,-0.0577875452794142
0,4,4739,-0.9614863916702532
4,1,9208,0.8459113011114247
4,1,4559,-0.0577875452794142
4,1,8189,0.8459113011114247
1,6,2942,-0.9614863916702532
3,7,4941,-0.0577875452794142
3,7,10650,0.8459113011114247
4,1,5902,-0.0577875452794142
4,1,8639,-0.0577875452794142
1,6,6347,-0.0577875452794142
6,0,4200,-0.9614863916702532
0,4,3452,-0.9614863916702532
0,4,4317,-0.0577875452794142
0,4,2632,-0.9614863916702532
4,1,4668,-0.0577875452794142
0,4,3204,-0.9614863916702532
6,0,2720,-0.9614863916702532
5,5,17181,1.7496101475022634
6,0,2238,-0.9614863916702532
6,0,1483,-0.9614863916702532
0,4,5605,-0.0577875452794142
4,1,7295,0.8459113011114247
2,1,2306,-0.0577875452794142
6,0,2348,-0.0577875452794142
4,1,8998,0.8459113011114247
3,7,4319,-0.0577875452794142
3,7,6132,-0.0577875452794142
0,4,3346,-0.9614863916702532
4,1,10855,0.8459113011114247
2,1,2231,-0.9614863916702532
0,4,2323,-0.9614863916702532
0,4,2024,-0.9614863916702532
0,4,2713,-0.9614863916702532
3,3,9439,0.8459113011114247
0,4,2566,-0.9614863916702532
5,5,19926,2.6533089938931025
0,4,2451,-0.9614863916702532
4,1,9419,0.8459113011114247
4,1,8686,-0.0577875452794142
0,4,3038,-0.9614863916702532
0,4,3058,-0.9614863916702532
2,1,2325,-0.9614863916702532
6,0,2088,-0.9614863916702532
6,0,3072,-0.0577875452794142
4,1,5006,-0.0577875452794142
0,4,4257,-0.9614863916702532
0,4,2500,-0.9614863916702532
6,0,1102,-0.9614863916702532
4,1,10453,0.8459113011114247
6,0,2288,-0.9614863916702532
0,4,3929,-0.9614863916702532
0,4,2311,-0.9614863916702532
2,1,3140,-0.9614863916702532
6,0,3690,-0.9614863916702532
3,7,4450,-0.0577875452794142
0,4,2756,-0.9614863916702532
5,5,19033,2.6533089938931025
7,2,18722,2.6533089938931025
3,7,9547,-0.0577875452794142
3,3,13734,1.7496101475022634
5,5,19999,2.6533089938931025
0,4,2279,-0.9614863916702532
3,7,5916,-0.0577875452794142
0,4,2089,-0.9614863916702532
5,5,16792,1.7496101475022634
0,4,3564,-0.9614863916702532
6,0,4425,-0.0577875452794142
3,7,5265,-0.0577875452794142
3,7,6553,-0.0577875452794142
3,7,6261,-0.0577875452794142
3,7,4298,-0.0577875452794142
3,7,6804,-0.0577875452794142
0,4,3815,-0.9614863916702532
6,0,2741,-0.0577875452794142
3,3,6673,-0.0577875452794142
4,1,7639,0.8459113011114247
0,4,2328,-0.9614863916702532
6,0,2153,-0.9614863916702532
3,3,4876,-0.0577875452794142
3,3,9396,0.8459113011114247
4,1,10400,0.8459113011114247
3,7,8474,0.8459113011114247
4,1,9981,-0.0577875452794142
7,2,12490,0.8459113011114247
0,4,2657,-0.9614863916702532
5,5,13591,0.8459113011114247
4,1,6696,-0.0577875452794142
0,4,2058,-0.9614863916702532
4,1,8865,0.8459113011114247
4,1,5940,-0.0577875452794142
6,0,5914,-0.0577875452794142
0,4,2622,-0.9614863916702532
7,2,12185,0.8459113011114247
4,1,10609,0.8459113011114247
3,7,4345,-0.0577875452794142
0,4,2177,-0.9614863916702532
2,1,2793,-0.9614863916702532
4,1,7918,0.8459113011114247
4,1,8789,0.8459113011114247
0,4,2389,-0.9614863916702532
6,0,3212,-0.9614863916702532
5,5,19232,2.6533089938931025
1,6,2267,-0.9614863916702532
5,5,19517,2.6533089938931025
6,0,2436,-0.9614863916702532
5,5,16064,1.7496101475022634
6,0,2707,-0.9614863916702532
5,5,19068,2.6533089938931025
2,1,3931,-0.9614863916702532
6,0,3730,-0.9614863916702532
6,0,2232,-0.9614863916702532
4,1,4465,-0.0577875452794142
0,4,3072,-0.0577875452794142
0,4,3319,-0.0577875452794142
5,5,19202,2.6533089938931025
7,2,13675,0.8459113011114247
0,4,2911,-0.9614863916702532
3,7,5957,-0.0577875452794142
0,4,3920,-0.9614863916702532
3,7,6434,-0.0577875452794142
3,7,10048,0.8459113011114247
3,3,10938,0.8459113011114247
0,4,2340,-0.9614863916702532
0,4,6545,-0.0577875452794142
4,1,6931,-0.0577875452794142
3,7,4898,-0.0577875452794142
6,0,2593,-0.9614863916702532
7,2,19436,2.6533089938931025
0,4,2723,-0.9614863916702532
6,0,3479,-0.9614863916702532
6,0,2794,-0.9614863916702532
4,1,5249,-0.0577875452794142
6,0,2176,-0.0577875452794142
5,5,16872,1.7496101475022634
6,0,3485,-0.9614863916702532
4,1,6644,-0.0577875452794142
3,3,5582,-0.0577875452794142
3,3,4000,-0.0577875452794142
3,3,13496,1.7496101475022634
6,0,3210,-0.9614863916702532
5,5,19045,2.6533089938931025
5,5,11849,0.8459113011114247
0,4,2070,-0.9614863916702532
4,1,6502,-0.0577875452794142
0,4,3230,-0.9614863916702532
7,2,13603,0.8459113011114247
5,5,11996,0.8459113011114247
4,1,5605,-0.0577875452794142
3,7,6397,-0.0577875452794142
7,2,19144,2.6533089938931025
7,2,17584,1.7496101475022634
4,1,4907,-0.0577875452794142
4,1,4554,-0.0577875452794142
6,0,5415,-0.0577875452794142
3,3,4741,-0.0577875452794142
0,4,2115,-0.9614863916702532
6,0,3161,-0.9614863916702532
3,3,5745,-0.0577875452794142
6,0,2373,-0.9614863916702532
0,4,3310,-0.9614863916702532
7,2,18665,2.6533089938931025
0,4,4485,-0.0577875452794142
2,1,2789,-0.9614863916702532
4,1,5828,-0.0577875452794142
0,4,2326,-0.9614863916702532
4,1,13525,1.7496101475022634
6,0,1420,-0.9614863916702532
4,1,8020,0.8459113011114247
6,0,3688,-0.9614863916702532
3,7,5482,-0.0577875452794142
5,5,16015,1.7496101475022634
2,1,1200,-0.9614863916702532
3,3,5661,-0.0577875452794142
4,1,6929,-0.0577875452794142
3,3,9613,0.8459113011114247
6,0,5674,-0.0577875452794142
4,1,5484,-0.0577875452794142
7,2,12061,0.8459113011114247
3,3,5660,-0.0577875452794142
0,4,4821,-0.9614863916702532
1,6,6410,-0.0577875452794142
3,0,5210,0.8459113011114247
0,4,2695,-0.9614863916702532
5,5,11878,0.8459113011114247
5,5,17068,1.7496101475022634
6,0,2455,-0.9614863916702532
3,3,13964,1.7496101475022634
0,4,4941,-0.0577875452794142
0,4,2478,-0.9614863916702532
4,1,5228,-0.0577875452794142
4,1,4478,-0.0577875452794142
4,1,7547,-0.0577875452794142
0,4,5055,-0.0577875452794142
0,4,3464,-0.9614863916702532
0,4,5775,-0.0577875452794142
3,7,8943,0.8459113011114247
5,5,19272,2.6533089938931025
4,1,5238,-0.0577875452794142
4,1,4682,-0.0577875452794142
7,2,18300,2.6533089938931025
6,0,5257,-0.0577875452794142
4,1,6349,-0.0577875452794142
0,4,4869,-0.0577875452794142
3,3,9985,0.8459113011114247
0,4,3697,-0.0577875452794142
4,1,7457,-0.0577875452794142
6,0,2119,-0.9614863916702532
6,0,3983,-0.9614863916702532
4,1,6118,-0.0577875452794142
4,1,6214,-0.0577875452794142
3,7,6347,-0.0577875452794142
7,2,11510,0.8459113011114247
3,7,7143,0.8459113011114247
4,1,8268,-0.0577875452794142
3,7,8095,0.8459113011114247
0,4,2904,-0.9614863916702532
3,7,6032,-0.0577875452794142
2,1,2976,-0.0577875452794142
7,2,15992,1.7496101475022634
4,1,4649,-0.0577875452794142
1,6,2696,-0.9614863916702532
6,0,2370,-0.9614863916702532
5,5,12504,0.8459113011114247
0,4,5974,-0.0577875452794142
4,1,4736,-0.0577875452794142
4,1,5296,-0.0577875452794142
3,3,6781,-0.0577875452794142
2,1,2174,-0.9614863916702532
4,1,6653,-0.0577875452794142
4,1,9699,0.8459113011114247
3,3,6755,-0.0577875452794142
6,0,2213,-0.9614863916702532
2,1,2610,-0.9614863916702532
2,1,2851,-0.9614863916702532
6,0,3452,-0.9614863916702532
3,7,5258,-0.0577875452794142
4,1,9355,-0.0577875452794142
3,3,10496,0.8459113011114247
4,1,6380,-0.0577875452794142
0,4,2657,-0.9614863916702532
2,1,2716,-0.9614863916702532
0,4,2201,-0.9614863916702532
3,3,6540,-0.0577875452794142
6,0,3816,-0.9614863916702532
4,1,5253,-0.0577875452794142
3,3,10965,0.8459113011114247
4,1,4936,-0.0577875452794142
0,4,2543,-0.9614863916702532
4,1,5304,-0.0577875452794142
5,5,16659,1.7496101475022634
4,1,4260,-0.0577875452794142
2,1,2476,-0.9614863916702532
0,4,3102,-0.9614863916702532
0,4,2244,-0.9614863916702532
4,1,7596,0.8459113011114247
0,4,2285,-0.9614863916702532
6,0,3034,-0.9614863916702532
4,1,5715,-0.0577875452794142
6,0,2576,-0.9614863916702532
3,7,4197,-0.0577875452794142
7,2,14336,1.7496101475022634
6,0,3448,-0.0577875452794142
7,2,19406,2.6533089938931025
4,1,6538,-0.0577875452794142
3,7,4306,-0.0577875452794142
6,0,2258,-0.9614863916702532
3,3,4522,-0.0577875452794142
4,1,4487,-0.0577875452794142
0,4,4449,-0.0577875452794142
6,0,2218,-0.9614863916702532
5,5,19197,2.6533089938931025
4,5,13212,1.7496101475022634
4,1,6577,-0.0577875452794142
4,1,8392,0.8459113011114247
6,0,4558,-0.0577875452794142
6,0,4031,-0.9614863916702532
3,7,7969,0.8459113011114247
0,4,2654,-0.9614863916702532
5,5,16555,1.7496101475022634
0,4,4556,-0.0577875452794142
3,7,6091,-0.0577875452794142
5,5,19566,2.6533089938931025
3,7,4810,-0.0577875452794142
3,3,4523,-0.0577875452794142
2,1,3202,-0.9614863916702532
2,1,2351,-0.9614863916702532
6,0,1702,-0.9614863916702532
5,5,18041,2.6533089938931025
0,4,2886,-0.9614863916702532
6,0,2097,-0.9614863916702532
7,2,11935,0.8459113011114247
0,4,2546,-0.9614863916702532
1,6,2564,-0.9614863916702532
4,1,8412,0.8459113011114247
5,5,14118,1.7496101475022634
5,5,17046,1.7496101475022634
6,0,2564,-0.9614863916702532
4,1,10266,0.8459113011114247
3,7,5070,-0.0577875452794142
7,2,17861,1.7496101475022634
6,0,4230,-0.9614863916702532
6,0,3780,-0.0577875452794142
0,4,2768,-0.9614863916702532
4,1,9071,0.8459113011114247
3,7,10648,0.8459113011114247
5,5,13610,0.8459113011114247
6,0,3408,-0.9614863916702532
2,1,2983,-0.9614863916702532
3,3,7632,0.8459113011114247
3,3,9824,0.8459113011114247
1,6,9950,0.8459113011114247
6,0,2093,-0.9614863916702532
4,1,9980,0.8459113011114247
6,0,3894,-0.9614863916702532
4,1,4051,-0.0577875452794142
5,5,16835,1.7496101475022634
4,1,6230,-0.0577875452794142
4,1,4717,-0.0577875452794142
3,7,13237,1.7496101475022634
6,0,3755,-0.9614863916702532
4,1,6582,-0.0577875452794142
3,7,7406,0.8459113011114247
4,1,4805,-0.0577875452794142
1,6,2741,-0.9614863916702532
3,7,4262,-0.0577875452794142
7,2,16184,1.7496101475022634
5,5,11557,0.8459113011114247
2,1,1878,-0.9614863916702532
4,1,10932,0.8459113011114247
3,3,6811,-0.0577875452794142
4,1,4306,-0.0577875452794142
4,1,4859,-0.0577875452794142
4,1,5337,-0.0577875452794142
6,0,2340,-0.9614863916702532
3,7,7491,0.8459113011114247
3,3,10527,0.8459113011114247
5,5,16595,1.7496101475022634
4,1,8834,0.8459113011114247
0,4,5577,-0.0577875452794142
4,1,4707,-0.0577875452794142
2,1,2400,-0.9614863916702532
3,3,9824,-0.0577875452794142
3,7,6447,-0.0577875452794142
7,2,19502,2.6533089938931025
0,4,2725,-0.9614863916702532
4,1,6272,-0.0577875452794142
6,0,2127,-0.9614863916702532
5,5,18200,2.6533089938931025
2,1,2096,-0.9614863916702532
6,0,2886,-0.9614863916702532
2,1,2033,-0.9614863916702532
0,4,3622,-0.9614863916702532
4,1,4233,-0.0577875452794142
6,0,3681,-0.0577875452794142
4,1,5460,-0.0577875452794142
0,4,2187,-0.9614863916702532
4,1,9602,-0.0577875452794142
0,4,2836,-0.9614863916702532
3,3,4089,-0.0577875452794142
7,2,16627,1.7496101475022634
0,4,2619,-0.9614863916702532
6,0,5679,-0.0577875452794142
5,5,15402,1.7496101475022634
1,6,5985,-0.0577875452794142
2,1,2579,-0.9614863916702532
2,1,3041,-0.9614863916702532
2,1,3447,-0.9614863916702532
5,5,19513,2.6533089938931025
0,4,2773,-0.9614863916702532
4,1,7104,-0.0577875452794142
0,4,6322,-0.0577875452794142
0,4,2083,-0.9614863916702532
4,1,8381,-0.0577875452794142
0,4,2691,-0.9614863916702532
4,1,4286,-0.0577875452794142
6,0,2659,-0.9614863916702532
3,7,9434,0.8459113011114247
4,1,5561,-0.0577875452794142
0,4,6646,-0.0577875452794142
3,3,7725,-0.0577875452794142
1,6,10725,0.8459113011114247
3,7,8847,-0.0577875452794142
0,4,2045,-0.9614863916702532
0,4,1009,-0.9614863916702532
0,4,3348,-0.9614863916702532
6,0,1281,-0.9614863916702532
0,4,2819,-0.9614863916702532
4,1,4851,-0.0577875452794142
4,1,4028,-0.0577875452794142
0,4,2720,-0.9614863916702532
4,1,8120,-0.0577875452794142
4,1,4647,-0.0577875452794142
0,4,4680,-0.9614863916702532
6,0,3221,-0.9614863916702532
3,3,8621,0.8459113011114247
4,1,4577,-0.0577875452794142
3,3,4553,-0.0577875452794142
4,1,5396,-0.0577875452794142
4,1,6796,-0.0577875452794142
3,3,7625,-0.0577875452794142
3,7,7412,0.8459113011114247
7,2,11159,0.8459113011114247
4,1,4960,-0.0577875452794142
4,1,10475,0.8459113011114247
7,2,14814,1.7496101475022634
5,6,19141,2.6533089938931025
4,1,5405,-0.0577875452794142
3,7,8793,0.8459113011114247
5,6,19189,2.6533089938931025
2,1,3875,-0.9614863916702532
0,4,2216,-0.9614863916702532
7,2,11713,0.8459113011114247
3,7,7861,0.8459113011114247
6,0,3708,-0.9614863916702532
4,5,13770,1.7496101475022634
4,1,5304,-0.0577875452794142
2,1,2642,-0.9614863916702532
0,4,2759,-0.9614863916702532
4,1,6804,-0.0577875452794142
3,3,6142,-0.0577875452794142
6,0,2500,-0.9614863916702532
1,6,6389,-0.0577875452794142
3,3,11103,1.7496101475022634
0,4,2342,-0.9614863916702532
3,3,6811,-0.0577875452794142
2,1,2297,-0.9614863916702532
6,0,2450,-0.0577875452794142
3,3,5093,-0.0577875452794142
6,0,5309,-0.0577875452794142
0,4,3057,-0.9614863916702532
3,7,5121,-0.0577875452794142
5,5,16856,1.7496101475022634
0,4,2686,-0.9614863916702532
4,1,6180,-0.0577875452794142
2,1,6632,-0.0577875452794142
0,4,3505,-0.9614863916702532
4,1,6397,-0.0577875452794142
4,1,6274,-0.0577875452794142
5,5,19859,2.6533089938931025
4,1,7587,0.8459113011114247
0,4,4258,-0.9614863916702532
6,0,4364,-0.9614863916702532
3,3,4335,-0.0577875452794142
4,1,5326,-0.0577875452794142
0,4,3280,-0.9614863916702532
3,7,5485,-0.0577875452794142
4,1,4342,-0.0577875452794142
0,4,2782,-0.9614863916702532
3,7,5980,-0.0577875452794142
0,4,4381,-0.9614863916702532
2,1,2572,-0.9614863916702532
6,0,3833,-0.9614863916702532
3,3,4244,-0.0577875452794142
4,1,6500,-0.0577875452794142
5,5,18430,2.6533089938931025
6,0,1601,-0.9614863916702532
6,0,2694,-0.9614863916702532
6,0,3149,-0.0577875452794142
7,2,17639,1.7496101475022634
6,0,2319,-0.9614863916702532
7,2,11691,0.8459113011114247
4,1,5324,-0.0577875452794142
5,5,16752,1.7496101475022634
3,7,5228,-0.0577875452794142
0,4,2700,-0.9614863916702532
7,2,19246,2.6533089938931025
0,4,2506,-0.9614863916702532
3,7,6062,-0.0577875452794142
0,4,4382,-0.9614863916702532
1,6,2143,-0.9614863916702532
3,7,6162,-0.0577875452794142
6,0,5094,-0.0577875452794142
3,7,6877,-0.0577875452794142
0,4,2274,-0.9614863916702532
3,7,4434,-0.0577875452794142
3,3,6288,-0.0577875452794142
0,4,2553,-0.9614863916702532
4,1,7654,0.8459113011114247
4,1,5160,-0.0577875452794142
7,2,17159,1.7496101475022634
7,2,12808,0.8459113011114247
3,7,10221,0.8459113011114247
4,1,4779,-0.0577875452794142
1,6,3737,-0.9614863916702532
0,4,2366,-0.9614863916702532
0,4,1706,-0.9614863916702532
5,5,16307,1.7496101475022634
3,3,5933,-0.0577875452794142
0,4,3424,-0.9614863916702532
4,1,4037,-0.0577875452794142
0,4,2559,-0.9614863916702532
4,1,6201,-0.0577875452794142
4,1,4403,-0.0577875452794142
0,4,3761,-0.9614863916702532
4,1,10934,0.8459113011114247
4,1,10761,0.8459113011114247
0,4,5175,-0.0577875452794142
3,7,13826,1.7496101475022634
4,1,6334,-0.0577875452794142
1,6,4936,-0.9614863916702532
3,7,4775,-0.0577875452794142
6,0,2818,-0.9614863916702532
0,4,2515,-0.9614863916702532
1,6,2342,-0.9614863916702532
4,1,4194,-0.0577875452794142
3,7,10685,0.8459113011114247
0,4,2022,-0.9614863916702532
6,0,2314,-0.9614863916702532
4,1,4256,-0.0577875452794142
0,4,3580,-0.9614863916702532
6,0,3162,-0.9614863916702532
4,1,6524,-0.0577875452794142
2,1,2899,-0.9614863916702532
6,0,5231,-0.0577875452794142
0,4,2356,-0.9614863916702532
2,1,2800,-0.9614863916702532
4,1,11836,1.7496101475022634
3,7,10903,0.8459113011114247
2,1,2973,-0.9614863916702532
7,2,14275,1.7496101475022634
3,3,5562,-0.0577875452794142
4,1,4537,-0.0577875452794142
4,1,7642,0.8459113011114247
5,5,17924,1.7496101475022634
1,6,5204,-0.0577875452794142
1,6,2277,-0.9614863916702532
6,0,2795,-0.9614863916702532
6,0,2532,-0.9614863916702532
0,4,2559,-0.9614863916702532
4,1,4908,-0.0577875452794142
6,0,2380,-0.9614863916702532
3,7,4765,-0.0577875452794142
2,1,2044,-0.9614863916702532
0,4,2693,-0.9614863916702532
3,3,6586,-0.0577875452794142
2,1,3294,-0.9614863916702532
3,7,4171,-0.0577875452794142
6,0,2778,-0.9614863916702532
0,4,2377,-0.9614863916702532
6,0,2404,-0.9614863916702532
0,4,2318,-0.9614863916702532
6,0,2008,-0.9614863916702532
4,1,6244,-0.0577875452794142
0,4,2799,-0.9614863916702532
3,3,10552,0.8459113011114247
2,1,2329,-0.9614863916702532
3,3,4014,-0.0577875452794142
6,0,7403,0.8459113011114247
0,4,2259,-0.9614863916702532
4,1,6932,-0.0577875452794142
0,4,4678,-0.9614863916702532
7,2,13582,0.8459113011114247
6,0,2332,-0.9614863916702532
2,1,2413,-0.9614863916702532
4,1,9705,0.8459113011114247
4,1,4294,-0.0577875452794142
6,0,4721,-0.9614863916702532
6,0,2519,-0.9614863916702532
2,1,2121,-0.9614863916702532
6,0,2973,-0.9614863916702532
3,3,5855,-0.0577875452794142
0,4,3617,-0.9614863916702532
3,7,6725,-0.0577875452794142
4,1,10325,0.8459113011114247
3,3,6949,-0.0577875452794142
4,1,10609,0.8459113011114247
6,0,4447,-0.0577875452794142
2,1,2157,-0.9614863916702532
4,1,4601,-0.0577875452794142
5,5,17099,1.7496101475022634
0,4,2479,-0.9614863916702532
5,5,14852,1.7496101475022634
4,1,7264,0.8459113011114247
4,1,5666,-0.0577875452794142
4,1,7823,0.8459113011114247
4,1,7880,0.8459113011114247
4,1,13194,1.7496101475022634
3,7,5067,-0.0577875452794142
4,1,5079,-0.0577875452794142
0,4,2321,-0.9614863916702532
5,5,17444,1.7496101475022634
0,4,2404,-0.9614863916702532
0,4,3452,-0.9614863916702532
6,0,2270,-0.9614863916702532
7,2,17399,1.7496101475022634
3,3,5488,-0.0577875452794142
7,2,19419,2.6533089938931025
6,0,2811,-0.9614863916702532
6,0,3633,-0.0577875452794142
4,1,4163,-0.0577875452794142
0,4,2132,-0.9614863916702532
3,7,13973,1.7496101475022634
0,4,2684,-0.9614863916702532
3,7,10845,0.8459113011114247
3,7,4377,-0.0577875452794142
6,0,3743,-0.9614863916702532
3,7,4148,-0.0577875452794142
0,4,1051,-0.9614863916702532
3,7,10739,0.8459113011114247
3,3,10388,0.8459113011114247
7,2,11416,0.8459113011114247
0,4,2600,-0.9614863916702532
6,0,2422,-0.9614863916702532
3,7,5472,-0.0577875452794142
6,0,2451,-0.9614863916702532
3,3,4240,-0.0577875452794142
3,3,10999,0.8459113011114247
3,7,5003,-0.0577875452794142
3,7,12742,1.7496101475022634
3,7,4227,-0.0577875452794142
6,0,3917,-0.9614863916702532
5,5,18303,2.6533089938931025
6,0,2380,-0.9614863916702532
3,7,13726,1.7496101475022634
3,3,4777,-0.0577875452794142
3,3,6385,-0.0577875452794142
7,2,19973,2.6533089938931025
4,1,6861,-0.0577875452794142
4,1,4969,-0.0577875452794142
5,5,19845,2.6533089938931025
4,1,13320,1.7496101475022634
4,1,6347,-0.0577875452794142
6,0,2743,-0.9614863916702532
3,7,10880,0.8459113011114247
2,1,2342,-0.9614863916702532
5,5,17650,1.7496101475022634
6,0,4025,-0.9614863916702532
4,1,9725,-0.0577875452794142
5,5,11904,0.8459113011114247
1,6,2177,-0.9614863916702532
4,1,7525,0.8459113011114247
6,0,4834,-0.0577875452794142
0,4,2042,-0.9614863916702532
2,1,2220,-0.9614863916702532
2,1,1052,-0.9614863916702532
0,4,2821,-0.9614863916702532
7,2,19237,2.6533089938931025
3,3,4107,-0.0577875452794142
4,1,8396,-0.0577875452794142
0,4,2007,-0.9614863916702532
7,2,19627,2.6533089938931025
4,1,10686,0.8459113011114247
0,4,2942,-0.9614863916702532
3,7,8858,0.8459113011114247
5,5,16756,1.7496101475022634
4,1,10798,0.8459113011114247
2,1,2323,-0.9614863916702532
6,0,1416,-0.9614863916702532
0,4,4615,-0.0577875452794142
0,4,2461,-0.9614863916702532
3,3,8722,0.8459113011114247
6,0,3955,-0.9614863916702532
3,7,9957,-0.0577875452794142
0,4,3376,-0.9614863916702532
3,3,8823,0.8459113011114247
3,3,10322,0.8459113011114247
6,0,4621,-0.9614863916702532
3,7,10976,0.8459113011114247
0,4,3660,-0.0577875452794142
1,6,10482,0.8459113011114247
3,3,7119,0.8459113011114247
4,1,9582,0.8459113011114247
0,4,4508,-0.0577875452794142
6,0,2207,-0.9614863916702532
3,3,7756,-0.0577875452794142
4,1,6694,-0.0577875452794142
6,0,3691,-0.9614863916702532
6,0,2377,-0.9614863916702532
0,4,2313,-0.9614863916702532
5,5,17665,1.7496101475022634
6,0,2596,-0.9614863916702532
4,1,4728,-0.0577875452794142
4,1,4302,-0.0577875452794142
0,4,2979,-0.9614863916702532
5,5,16885,1.7496101475022634
4,1,5593,-0.0577875452794142
3,3,10445,0.8459113011114247
4,1,8740,0.8459113011114247
0,4,2514,-0.9614863916702532
3,7,7655,0.8459113011114247
5,5,17465,1.7496101475022634
4,1,7351,0.8459113011114247
3,7,10820,0.8459113011114247
3,3,12169,1.7496101475022634
7,2,19626,2.6533089938931025
0,4,2070,-0.9614863916702532
6,0,6782,-0.0577875452794142
3,7,7779,-0.0577875452794142
2,1,2791,-0.9614863916702532
0,4,3201,-0.9614863916702532
4,1,4968,-0.0577875452794142
4,1,13120,1.7496101475022634
3,7,4033,-0.0577875452794142
0,4,3291,-0.9614863916702532
6,0,4272,-0.0577875452794142
3,7,5056,-0.0577875452794142
1,6,2844,-0.9614863916702532
0,4,2703,-0.9614863916702532
6,0,1904,-0.9614863916702532
4,1,8224,-0.0577875452794142
6,0,4766,-0.9614863916702532
6,0,2610,-0.9614863916702532
3,3,5731,-0.0577875452794142
0,4,2539,-0.9614863916702532
4,1,5714,-0.0577875452794142
1,6,4323,-0.9614863916702532
4,1,7336,0.8459113011114247
7,2,13499,0.8459113011114247
4,1,13758,1.7496101475022634
4,1,5155,-0.0577875452794142
6,0,2258,-0.9614863916702532
6,0,3597,-0.9614863916702532
6,0,2515,-0.9614863916702532
6,0,4420,-0.9614863916702532
4,1,6578,-0.0577875452794142
0,4,4422,-0.0577875452794142
3,7,10274,0.8459113011114247
3,3,5343,-0.0577875452794142
6,0,2376,-0.9614863916702532
4,1,5346,-0.0577875452794142
2,1,2827,-0.9614863916702532
5,5,19943,2.6533089938931025
6,0,3131,-0.9614863916702532
0,4,2552,-0.9614863916702532
0,4,4477,-0.9614863916702532
3,7,6474,-0.0577875452794142
6,0,3033,-0.9614863916702532
0,4,2936,-0.9614863916702532
5,5,18606,2.6533089938931025
0,4,2168,-0.9614863916702532
0,4,2853,-0.9614863916702532
5,5,17048,1.7496101475022634
0,4,2290,-0.9614863916702532
1,6,3600,-0.9614863916702532
0,4,2107,-0.9614863916702532
4,1,4115,-0.0577875452794142
4,1,4327,-0.0577875452794142
5,5,17856,1.7496101475022634
6,0,3196,-0.9614863916702532
7,2,19081,2.6533089938931025
4,1,8966,-0.0577875452794142
6,0,2210,-0.9614863916702532
4,1,4539,-0.0577875452794142
6,0,2741,-0.9614863916702532
6,0,3491,-0.0577875452794142
3,4,4541,-0.0577875452794142
2,1,2678,-0.9614863916702532
3,7,7379,-0.0577875452794142
1,6,6272,-0.0577875452794142
4,1,5220,-0.0577875452794142
6,0,2743,-0.9614863916702532
0,4,4998,-0.0577875452794142
3,7,10252,0.8459113011114247
0,4,2781,-0.9614863916702532
4,1,6852,-0.0577875452794142
4,1,4950,-0.0577875452794142
0,4,3579,-0.9614863916702532
7,2,13191,0.8459113011114247
4,1,10377,0.8459113011114247
0,4,2235,-0.9614863916702532
3,7,10502,0.8459113011114247
0,4,2011,-0.9614863916702532
0,4,1859,-0.9614863916702532
0,4,3760,-0.9614863916702532
7,2,17779,1.7496101475022634
3,3,6833,-0.0577875452794142
3,3,6812,-0.0577875452794142
4,1,5171,-0.0577875452794142
7,2,19740,2.6533089938931025
5,5,18711,2.6533089938931025
0,4,3692,-0.9614863916702532
6,0,2559,-0.9614863916702532
0,4,2517,-0.9614863916702532
3,3,6623,-0.0577875452794142
7,2,18265,2.6533089938931025
7,2,16124,1.7496101475022634
0,4,2585,-0.9614863916702532
5,5,18213,2.6533089938931025
4,1,8380,0.8459113011114247
0,4,2994,-0.9614863916702532
0,4,1223,-0.9614863916702532
2,1,1118,-0.9614863916702532
0,4,2875,-0.9614863916702532
5,5,18824,2.6533089938931025
5,3,13577,1.7496101475022634
6,0,2625,-0.9614863916702532
5,5,18789,2.6533089938931025
4,1,4538,-0.0577875452794142
5,5,19847,2.6533089938931025
3,7,10512,0.8459113011114247
6,0,4444,-0.0577875452794142
6,0,2154,-0.9614863916702532
5,5,19190,2.6533089938931025
1,6,4490,-0.0577875452794142
0,4,3506,-0.9614863916702532
0,4,2372,-0.0577875452794142
4,1,10231,0.8459113011114247
3,7,5410,-0.0577875452794142
3,3,7978,0.8459113011114247
6,0,3867,-0.9614863916702532
6,0,2838,-0.9614863916702532
3,7,4695,-0.0577875452794142
6,0,3339,-0.9614863916702532
0,4,2080,-0.9614863916702532
0,4,2096,-0.9614863916702532
4,1,6209,-0.0577875452794142
5,5,18061,2.6533089938931025
5,5,17123,1.7496101475022634
0,4,2372,-0.9614863916702532
6,0,4883,-0.0577875452794142
0,4,3904,-0.9614863916702532
6,0,4627,-0.0577875452794142
3,3,7094,0.8459113011114247
1,6,3423,-0.9614863916702532
6,0,6674,-0.0577875452794142
7,2,16880,1.7496101475022634
4,1,9094,0.8459113011114247
4,1,8446,0.8459113011114247
5,5,11916,0.8459113011114247
3,7,4534,-0.0577875452794142
4,1,9852,0.8459113011114247
4,1,6151,-0.0577875452794142
2,1,2302,-0.9614863916702532
6,0,2362,-0.9614863916702532
5,5,17861,1.7496101475022634
5,5,19187,2.6533089938931025
5,5,19717,2.6533089938931025
0,4,3544,-0.9614863916702532
3,3,8500,0.8459113011114247
0,4,4661,-0.0577875452794142
4,1,4103,-0.0577875452794142
0,4,4249,-0.0577875452794142
5,5,14026,1.7496101475022634
4,1,6893,-0.0577875452794142
4,1,6125,-0.0577875452794142
6,0,3669,-0.9614863916702532
3,7,10008,0.8459113011114247
6,0,2387,-0.9614863916702532
4,1,4639,-0.0577875452794142
3,7,7898,0.8459113011114247
2,1,2534,-0.9614863916702532
3,7,13142,1.7496101475022634
6,0,1611,-0.9614863916702532
6,0,5363,-0.0577875452794142
4,1,5071,-0.0577875452794142
4,1,13695,1.7496101475022634
3,7,13402,1.7496101475022634
0,4,2029,-0.9614863916702532
3,3,6377,-0.0577875452794142
6,0,5429,-0.0577875452794142
2,1,2785,-0.9614863916702532
4,1,4614,-0.0577875452794142
0,4,2610,-0.9614863916702532
3,3,6687,-0.0577875452794142
4,1,4724,-0.0577875452794142
3,7,6179,-0.0577875452794142
4,1,6120,-0.0577875452794142
4,1,10596,0.8459113011114247
0,4,5467,-0.0577875452794142
0,4,2996,-0.9614863916702532
4,1,9998,-0.0577875452794142
4,1,4078,-0.0577875452794142
3,3,10920,0.8459113011114247
4,1,6232,-0.0577875452794142
3,7,13247,1.7496101475022634
0,4,4081,-0.0577875452794142
4,1,5769,-0.0577875452794142
0,4,2394,-0.9614863916702532
0,4,3904,-0.9614863916702532
5,6,16799,1.7496101475022634
6,0,2950,-0.9614863916702532
6,0,3629,-0.9614863916702532
3,7,9362,0.8459113011114247
6,0,3229,-0.9614863916702532
6,0,3578,-0.9614863916702532
1,6,7988,0.8459113011114247
6,0,4284,-0.0577875452794142
3,3,7553,0.8459113011114247
7,2,17328,1.7496101475022634
7,2,19701,2.6533089938931025
7,2,14732,1.7496101475022634
4,1,9278,-0.0577875452794142
2,1,1359,-0.9614863916702532
4,1,4779,-0.0577875452794142
7,2,16422,1.7496101475022634
0,4,2996,-0.9614863916702532
0,4,1261,-0.9614863916702532
6,0,2099,-0.9614863916702532
6,0,5810,-0.0577875452794142
4,1,5647,-0.0577875452794142
0,4,3420,-0.9614863916702532
2,1,4400,-0.9614863916702532
6,0,3500,-0.9614863916702532
0,4,2066,-0.9614863916702532
7,2,17169,1.7496101475022634
4,1,4162,-0.0577875452794142
4,1,9204,-0.0577875452794142
6,0,3294,-0.9614863916702532
0,4,2127,-0.9614863916702532
6,0,3975,-0.0577875452794142
4,1,10793,0.8459113011114247
4,1,10096,0.8459113011114247
6,0,3646,-0.9614863916702532
3,7,7446,0.8459113011114247
3,3,10851,0.8459113011114247
1,6,2109,-0.9614863916702532
6,0,3722,-0.9614863916702532
3,7,9380,0.8459113011114247
4,1,5486,-0.0577875452794142
1,6,2742,-0.9614863916702532
7,2,13757,0.8459113011114247
4,1,8463,-0.0577875452794142
6,0,3162,-0.9614863916702532
7,2,16598,1.7496101475022634
3,3,6651,-0.0577875452794142
0,4,2345,-0.9614863916702532
0,4,3420,-0.9614863916702532
4,1,4373,-0.0577875452794142
4,1,4759,-0.0577875452794142
4,1,5301,-0.0577875452794142
6,0,3673,-0.9614863916702532
4,1,4768,-0.0577875452794142
0,4,1274,-0.9614863916702532
0,4,4900,-0.0577875452794142
3,3,10466,0.8459113011114247
7,2,17007,1.7496101475022634
2,1,2909,-0.9614863916702532
4,1,5765,-0.0577875452794142
4,1,4599,-0.0577875452794142
2,1,2404,-0.9614863916702532
6,0,3172,-0.9614863916702532
2,1,2033,-0.9614863916702532
3,7,10209,0.8459113011114247
4,1,8620,-0.0577875452794142
1,6,2064,-0.9614863916702532
3,3,4035,-0.0577875452794142
6,0,3838,-0.9614863916702532
4,1,4591,-0.0577875452794142
6,0,2561,-0.9614863916702532
0,4,1563,-0.9614863916702532
4,1,4898,-0.0577875452794142
6,0,4789,-0.0577875452794142
6,0,3180,-0.9614863916702532
3,7,6549,-0.0577875452794142
3,3,6388,-0.0577875452794142
5,5,11244,0.8459113011114247
5,5,16032,1.7496101475022634
0,4,2362,-0.9614863916702532
7,2,16328,1.7496101475022634
3,7,8376,0.8459113011114247
5,5,16606,1.7496101475022634
3,3,8606,0.8459113011114247
6,0,2272,-0.0577875452794142
6,0,2018,-0.9614863916702532
4,1,7083,0.8459113011114247
0,4,4084,-0.9614863916702532
7,2,14411,1.7496101475022634
2,1,2308,-0.9614863916702532
6,0,4841,-0.9614863916702532
0,4,4285,-0.0577875452794142
3,3,9715,-0.0577875452794142
3,7,4320,-0.0577875452794142
0,4,2132,-0.9614863916702532
3,3,10124,0.8459113011114247
4,1,5473,-0.0577875452794142
6,0,5207,-0.0577875452794142
5,5,16437,1.7496101475022634
6,0,2296,-0.9614863916702532
3,3,4069,-0.0577875452794142
3,3,7441,0.8459113011114247
2,1,2430,-0.9614863916702532
0,4,5878,-0.0577875452794142
2,1,2644,-0.9614863916702532
4,1,6439,-0.0577875452794142
0,4,2451,-0.9614863916702532
4,1,6392,-0.0577875452794142
4,1,9714,-0.0577875452794142
1,6,6077,-0.0577875452794142
6,0,2450,-0.9614863916702532
4,1,9250,0.8459113011114247
6,0,2074,-0.9614863916702532
3,7,10169,0.8459113011114247
3,7,4855,-0.0577875452794142
0,4,4087,-0.0577875452794142
0,4,2367,-0.9614863916702532
0,4,2972,-0.9614863916702532
5,5,19586,2.6533089938931025
0,4,5484,-0.0577875452794142
0,4,2061,-0.9614863916702532
4,1,9924,-0.0577875452794142
4,1,4198,-0.0577875452794142
4,1,6815,-0.0577875452794142
6,0,4723,-0.9614863916702532
3,3,6142,-0.0577875452794142
4,1,8237,0.8459113011114247
3,3,8853,-0.0577875452794142
5,5,19331,2.6533089938931025
0,4,2073,-0.9614863916702532
6,0,5562,-0.0577875452794142
5,5,19613,2.6533089938931025
6,0,3407,-0.0577875452794142
3,3,5063,-0.0577875452794142
4,1,4639,-0.0577875452794142
6,0,4876,-0.9614863916702532
6,0,2690,-0.9614863916702532
5,5,17567,1.7496101475022634
6,0,2408,-0.9614863916702532
0,4,2814,-0.9614863916702532
5,3,11245,1.7496101475022634
0,4,3312,-0.9614863916702532
7,2,19049,2.6533089938931025
0,4,2141,-0.9614863916702532
6,0,5769,-0.0577875452794142
4,1,4385,-0.0577875452794142
4,1,5332,-0.0577875452794142
3,7,4663,-0.0577875452794142
3,7,4724,-0.0577875452794142
6,0,3211,-0.9614863916702532
3,7,5377,-0.0577875452794142
6,0,4066,-0.9614863916702532
0,4,5208,-0.0577875452794142
3,7,4877,-0.0577875452794142
0,4,3117,-0.9614863916702532
2,1,1569,-0.9614863916702532
5,5,19658,2.6533089938931025
6,0,3069,-0.0577875452794142
3,7,10435,0.8459113011114247
3,3,4148,-0.0577875452794142
3,7,5768,-0.0577875452794142
3,7,5042,-0.0577875452794142
3,7,5770,-0.0577875452794142
3,7,7756,0.8459113011114247
4,1,10306,0.8459113011114247
0,4,3936,-0.9614863916702532
3,7,7945,0.8459113011114247
1,6,5743,-0.0577875452794142
5,5,15202,1.7496101475022634
4,1,5440,-0.0577875452794142
0,4,3760,-0.9614863916702532
0,4,3517,-0.9614863916702532
0,4,2580,-0.9614863916702532
6,0,2166,-0.9614863916702532
4,1,5869,-0.0577875452794142
3,3,8008,0.8459113011114247
3,7,5206,-0.0577875452794142
3,7,5295,-0.0577875452794142
7,2,16413,1.7496101475022634
7,2,13269,0.8459113011114247
2,1,2783,-0.9614863916702532
0,4,5433,-0.0577875452794142
6,0,2013,-0.9614863916702532
3,3,13966,1.7496101475022634
3,7,4374,-0.0577875452794142
3,3,6842,-0.0577875452794142
5,5,17426,1.7496101475022634
7,2,17603,1.7496101475022634
4,1,4581,-0.0577875452794142
0,4,4735,-0.0577875452794142
4,1,4187,-0.0577875452794142
4,1,5505,-0.0577875452794142
0,4,5470,-0.0577875452794142
4,1,5476,-0.0577875452794142
6,0,2587,-0.9614863916702532
6,0,2440,-0.9614863916702532
5,5,15972,1.7496101475022634
5,5,15379,1.7496101475022634
4,1,7082,0.8459113011114247
2,1,2728,-0.9614863916702532
4,1,5368,-0.0577875452794142
3,3,5347,-0.0577875452794142
1,6,3195,-0.9614863916702532
6,0,3989,-0.9614863916702532
6,0,3306,-0.9614863916702532
3,3,7005,0.8459113011114247
2,1,2655,-0.9614863916702532
6,0,1393,-0.9614863916702532
6,0,2570,-0.9614863916702532
0,4,3537,-0.9614863916702532
6,0,3986,-0.0577875452794142
3,3,10883,0.8459113011114247
6,0,2028,-0.9614863916702532
4,1,9525,-0.0577875452794142
0,4,2929,-0.9614863916702532
2,1,2275,-0.9614863916702532
3,3,7879,0.8459113011114247
0,4,4930,-0.9614863916702532
4,1,7847,-0.0577875452794142
0,4,4401,-0.9614863916702532
4,1,9241,0.8459113011114247
6,0,2974,-0.9614863916702532
2,1,4502,-0.0577875452794142
3,3,10748,0.8459113011114247
1,6,1555,-0.9614863916702532
4,5,12936,1.7496101475022634
6,0,2305,-0.9614863916702532
7,2,16704,1.7496101475022634
0,4,3433,-0.9614863916702532
6,0,3477,-0.9614863916702532
1,6,6430,-0.0577875452794142
3,7,6516,-0.0577875452794142
6,0,3907,-0.9614863916702532
3,3,5562,-0.0577875452794142
3,7,6883,-0.0577875452794142
0,4,2862,-0.9614863916702532
4,1,4978,-0.0577875452794142
4,1,10368,0.8459113011114247
4,1,6134,-0.0577875452794142
4,1,6735,-0.0577875452794142
6,0,3295,-0.9614863916702532
3,7,5238,-0.0577875452794142
6,0,6472,-0.0577875452794142
4,1,9610,0.8459113011114247
5,5,19833,2.6533089938931025
1,6,9756,0.8459113011114247
0,4,4968,-0.9614863916702532
1,6,2145,-0.9614863916702532
1,6,2180,-0.9614863916702532
4,1,8346,-0.0577875452794142
0,4,3445,-0.9614863916702532
2,1,2760,-0.9614863916702532
3,3,6294,-0.0577875452794142
4,1,7140,0.8459113011114247
0,4,2932,-0.9614863916702532
4,1,5147,-0.0577875452794142
4,1,4507,-0.0577875452794142
4,1,8564,0.8459113011114247
6,0,2468,-0.9614863916702532
4,1,8161,0.8459113011114247
0,4,2109,-0.9614863916702532
3,3,5294,-0.0577875452794142
0,4,2718,-0.9614863916702532
3,3,5811,-0.0577875452794142
0,4,2437,-0.9614863916702532
6,0,2766,-0.9614863916702532
7,2,19038,2.6533089938931025
0,4,3055,-0.0577875452794142
6,0,2289,-0.9614863916702532
4,1,4001,-0.0577875452794142
3,7,12965,1.7496101475022634
1,6,3539,-0.9614863916702532
4,1,6029,-0.0577875452794142
2,1,2679,-0.9614863916702532
6,0,3702,-0.9614863916702532
6,0,2398,-0.9614863916702532
4,1,5468,-0.0577875452794142
5,5,13116,0.8459113011114247
4,1,4189,-0.0577875452794142
7,2,19328,2.6533089938931025
3,3,8321,0.8459113011114247
0,4,2342,-0.9614863916702532
1,6,4071,-0.0577875452794142
4,1,5813,-0.0577875452794142
0,4,3143,-0.9614863916702532
0,4,2044,-0.9614863916702532
7,2,13464,0.8459113011114247
4,1,7991,-0.0577875452794142
6,0,3377,-0.9614863916702532
3,3,5538,-0.0577875452794142
3,7,5762,-0.0577875452794142
1,6,2592,-0.9614863916702532
6,0,5346,-0.0577875452794142
3,7,4213,-0.0577875452794142
4,1,4127,-0.0577875452794142
0,4,2438,-0.9614863916702532
3,3,6870,-0.0577875452794142
4,1,10447,0.8459113011114247
3,7,9667,0.8459113011114247
1,6,2148,-0.9614863916702532
3,3,8926,-0.0577875452794142
3,3,6513,-0.0577875452794142
4,1,6799,-0.0577875452794142
5,5,16291,1.7496101475022634
6,0,2705,-0.9614863916702532
3,7,10333,0.8459113011114247
3,3,4448,-0.0577875452794142
0,4,6854,-0.0577875452794142
4,1,9637,0.8459113011114247
0,4,3591,-0.9614863916702532
2,1,5405,-0.0577875452794142
4,1,4684,-0.0577875452794142
7,2,15787,1.7496101475022634
0,4,1514,-0.9614863916702532
1,6,2956,-0.9614863916702532
1,6,2335,-0.9614863916702532
4,1,5154,-0.0577875452794142
0,4,6962,-0.0577875452794142
4,1,5675,-0.0577875452794142
6,0,2379,-0.9614863916702532
6,0,3812,-0.9614863916702532
4,1,4648,-0.0577875452794142
0,4,2936,-0.9614863916702532
6,0,2105,-0.9614863916702532
3,7,8578,0.8459113011114247
1,6,2706,-0.9614863916702532
3,3,6384,-0.0577875452794142
6,0,3968,-0.9614863916702532
4,1,9907,-0.0577875452794142
4,1,13225,1.7496101475022634
2,1,3540,-0.0577875452794142
1,6,2804,-0.9614863916702532
5,5,19392,2.6533089938931025
7,2,19665,2.6533089938931025
0,4,2439,-0.9614863916702532
4,1,7314,0.8459113011114247
0,4,4774,-0.9614863916702532
0,4,3902,-0.0577875452794142
0,4,2662,-0.9614863916702532
2,1,2856,-0.9614863916702532
2,1,1081,-0.9614863916702532
0,4,2472,-0.9614863916702532
4,1,5673,-0.0577875452794142
6,0,4197,-0.0577875452794142
4,1,9713,0.8459113011114247
6,0,2062,-0.9614863916702532
0,4,4284,-0.0577875452794142
3,7,4788,-0.0577875452794142
3,7,5906,-0.0577875452794142
1,6,3886,-0.0577875452794142
5,5,16823,1.7496101475022634
0,4,2933,-0.9614863916702532
4,1,6500,-0.0577875452794142
5,5,17174,1.7496101475022634
3,3,5033,-0.0577875452794142
0,4,2307,-0.9614863916702532
6,0,2587,-0.9614863916702532
4,1,5507,-0.0577875452794142
4,1,4393,-0.0577875452794142
7,2,13348,0.8459113011114247
4,1,6583,-0.0577875452794142
4,1,8103,-0.0577875452794142
6,0,3978,-0.9614863916702532
6,0,2544,-0.9614863916702532
3,3,5399,-0.0577875452794142
4,1,5487,-0.0577875452794142
4,1,6834,-0.0577875452794142
2,1,1091,-0.9614863916702532
4,1,5736,-0.0577875452794142
0,4,2226,-0.9614863916702532
0,4,5747,-0.0577875452794142
4,1,9854,-0.0577875452794142
0,4,5467,-0.0577875452794142
4,1,5380,-0.0577875452794142
3,7,5151,-0.0577875452794142
0,4,2133,-0.0577875452794142
5,5,17875,1.7496101475022634
0,4,2432,-0.9614863916702532
0,4,4771,-0.9614863916702532
7,2,19161,2.6533089938931025
4,1,5087,-0.0577875452794142
1,6,2863,-0.9614863916702532
4,1,5561,-0.0577875452794142
0,4,2144,-0.9614863916702532
0,4,3065,-0.9614863916702532
6,0,2810,-0.9614863916702532
4,1,9888,0.8459113011114247
4,1,8628,0.8459113011114247
6,0,2867,-0.9614863916702532
3,3,5373,-0.0577875452794142
3,3,6667,-0.0577875452794142
0,4,5003,-0.0577875452794142
6,0,2367,-0.9614863916702532
2,1,2858,-0.9614863916702532
4,1,5204,-0.0577875452794142
4,1,4105,-0.0577875452794142
3,7,9679,-0.0577875452794142
4,1,5617,-0.0577875452794142
4,1,10448,0.8459113011114247
0,4,2897,-0.0577875452794142
3,3,5968,-0.0577875452794142
3,3,7510,0.8459113011114247
1,6,2991,-0.9614863916702532
5,6,19636,2.6533089938931025
6,0,1129,-0.9614863916702532
4,1,13341,1.7496101475022634
0,4,4332,-0.0577875452794142
7,2,11031,0.8459113011114247
3,7,4440,-0.0577875452794142
3,3,4617,-0.0577875452794142
6,0,2647,-0.9614863916702532
6,0,6323,-0.0577875452794142
4,1,5677,-0.0577875452794142
1,6,2187,-0.9614863916702532
6,0,3748,-0.9614863916702532
6,0,3977,-0.9614863916702532
3,3,8633,0.8459113011114247
6,0,2008,-0.9614863916702532
4,1,4440,-0.0577875452794142
2,1,3067,-0.9614863916702532
3,7,5321,-0.0577875452794142
0,4,5410,-0.0577875452794142
0,4,2782,-0.9614863916702532
7,2,11957,0.8459113011114247
6,0,2660,-0.9614863916702532
0,4,3375,-0.9614863916702532
0,4,5098,-0.0577875452794142
3,3,4878,-0.0577875452794142
6,0,2837,-0.9614863916702532
6,0,2406,-0.9614863916702532
2,1,2269,-0.9614863916702532
0,4,4108,-0.0577875452794142
7,2,13206,0.8459113011114247
4,1,10422,0.8459113011114247
7,2,13744,0.8459113011114247
4,1,4907,-0.0577875452794142
2,1,3482,-0.9614863916702532
0,4,2436,-0.9614863916702532
2,1,2380,-0.9614863916702532
5,5,19431,2.6533089938931025
2,1,1790,-0.9614863916702532
4,1,7644,0.8459113011114247
3,7,5131,-0.0577875452794142
3,3,6306,-0.0577875452794142
0,4,4787,-0.9614863916702532
5,5,18880,2.6533089938931025
6,0,2339,-0.9614863916702532
3,7,13570,1.7496101475022634
4,1,6712,-0.0577875452794142
4,1,5406,-0.0577875452794142
4,1,8938,-0.0577875452794142
0,4,2439,-0.9614863916702532
1,6,8837,0.8459113011114247
4,1,5343,-0.0577875452794142
4,1,6728,-0.0577875452794142
4,1,6652,-0.0577875452794142
4,1,4850,-0.0577875452794142
0,4,2809,-0.9614863916702532
3,3,5689,-0.0577875452794142
0,4,2001,-0.9614863916702532
0,4,2977,-0.9614863916702532
6,0,4025,-0.0577875452794142
0,4,3785,-0.9614863916702532
4,1,10854,0.8459113011114247
4,1,12031,1.7496101475022634
3,7,9936,-0.0577875452794142
2,1,2966,-0.9614863916702532
6,0,2571,-0.0577875452794142
3,3,9991,0.8459113011114247
3,7,6142,-0.0577875452794142
4,1,5390,-0.0577875452794142
6,0,4404,-0.0577875452794142
